NUTS,NAME,FUA
AL011,Dibër,no FUA associated
AL013,Kukës,no FUA associated
AL014,Lezhë,no FUA associated
AL015,Shkodër,no FUA associated
AL021,Elbasan,no FUA associated
AL022,Tiranë,no FUA associated
AL031,Berat,no FUA associated
AL032,Fier,no FUA associated
AL033,Gjirokastër,no FUA associated
AL034,Korçë,no FUA associated
AL035,Vlorë,no FUA associated
AT111,Mittelburgenland,no FUA associated
AT112,Nordburgenland,AT001L2
AT113,Sudburgenland,no FUA associated
AT121,Mostviertel-Eisenwurzen,no FUA associated
AT122,Niederosterreich-Sud,no FUA associated
AT123,Sankt Polten,no FUA associated
AT124,Waldviertel,no FUA associated
AT125,Weinviertel,AT001L2
AT126,Wiener Umland/Nordteil,AT001L2
AT127,Wiener Umland/Sudteil,AT001L2
AT130,Wien,AT001L2
AT211,Klagenfurt-Villach,AT006L1
AT212,Oberkarnten,no FUA associated
AT213,Unterkarnten,AT006L1
AT221,Graz,AT002L2
AT222,Liezen,no FUA associated
AT223,Ostliche Obersteiermark,no FUA associated
AT224,Oststeiermark,AT002L2
AT225,West- und Sudsteiermark,AT002L2
AT226,Westliche Obersteiermark,no FUA associated
AT311,Innviertel,no FUA associated
AT312,Linz-Wels,AT003L2
AT313,Muhlviertel,AT003L2
AT314,Steyr-Kirchdorf,no FUA associated
AT315,Traunviertel,no FUA associated
AT321,Lungau,no FUA associated
AT322,Pinzgau-Pongau,no FUA associated
AT323,Salzburg Und Umgebung,AT004L2
AT331,Ausserfern,no FUA associated
AT332,Innsbruck,AT005L2
AT333,Osttirol,no FUA associated
AT334,Tiroler Oberland,no FUA associated
AT335,Tiroler Unterland,no FUA associated
AT341,Bludenz-Bregenzer Wald,no FUA associated
AT342,Rheintal-Bodenseegebiet,no FUA associated
BA011,Brcko,no FUA associated
BA022,Una - Sana,no FUA associated
BA023,West-Bosnia,no FUA associated
BA024,West Hercegovina,no FUA associated
BA025,Hercegobina - Neretva,no FUA associated
BA026,Central Bosnia,no FUA associated
BA027,Sarajevo,no FUA associated
BA028,Zenica - Doboj,no FUA associated
BA029,Tuzla,no FUA associated
BA02A,Bosnian Podrinje,no FUA associated
BA031,Banja Luka,no FUA associated
BA032,Doboj,no FUA associated
BA033,Bijeljina,no FUA associated
BA034,Vlasenica,no FUA associated
BA035,Istocno Sarajevo,no FUA associated
BA036,Foca,no FUA associated
BA037,Trebinje,no FUA associated
BE100,Arr. de Bruxelles-Capitale / Arr. van Brussel-Hoofdstad,BE001L2
BE211,Arr. Antwerpen,BE002L2
BE212,Arr. Mechelen,no FUA associated
BE213,Arr. Turnhout,no FUA associated
BE221,Arr. Hasselt,no FUA associated
BE222,Arr. Maaseik,no FUA associated
BE223,Arr. Tongeren,no FUA associated
BE231,Arr. Aalst,BE001L2
BE232,Arr. Dendermonde,no FUA associated
BE233,Arr. Eeklo,BE003L2
BE234,Arr. Gent,BE003L2
BE235,Arr. Oudenaarde,no FUA associated
BE236,Arr. Sint-Niklaas,BE002L2
BE241,Arr. Halle-Vilvoorde,BE001L2
BE242,Arr. Leuven,BE008L1
BE251,Arr. Brugge,BE006L2
BE252,Arr. Diksmuide,no FUA associated
BE253,Arr. Ieper,no FUA associated
BE254,Arr. Kortrijk,BE010L1
BE255,Arr. Oostende,BE011L1
BE256,Arr. Roeselare,no FUA associated
BE257,Arr. Tielt,no FUA associated
BE258,Arr. Veurne,no FUA associated
BE310,Arr. Nivelles,BE001L2
BE321,Arr. Ath,no FUA associated
BE322,Arr. Charleroi,BE004L2
BE323,Arr. Mons,BE009L1
BE324,Arr. Mouscron,no FUA associated
BE325,Arr. Soignies,BE001L2
BE326,Arr. Thuin,BE004L2
BE327,Arr. Tournai,no FUA associated
BE331,Arr. Huy,BE005L2
BE332,Arr. Liege,BE005L2
BE334,Arr. Waremme,BE005L2
BE335,Arr. Verviers - Communes francophones,no FUA associated
BE336,Bezirk Verviers - Deutschsprachige Gemeinschaft,no FUA associated
BE341,Arr. Arlon,no FUA associated
BE342,Arr. Bastogne,no FUA associated
BE343,Arr. Marche-en-Famenne,no FUA associated
BE344,Arr. Neufchateau,no FUA associated
BE345,Arr. Virton,no FUA associated
BE351,Arr. Dinant,no FUA associated
BE352,Arr. Namur,BE007L2
BE353,Arr. Philippeville,BE004L2
BG311,Vidin,BG007L2
BG312,Montana,no FUA associated
BG313,Vratsa,BG018L1
BG314,Pleven,BG005L1
BG315,Lovech,no FUA associated
BG321,Veliko Tarnovo,BG017L1
BG322,Gabrovo,no FUA associated
BG323,Ruse,BG006L2
BG324,Razgrad,no FUA associated
BG325,Silistra,no FUA associated
BG331,Varna,BG003L2
BG332,Dobrich,BG010L1
BG333,Shumen,BG011L1
BG334,Targovishte,no FUA associated
BG341,Burgas,BG004L2
BG342,Sliven,BG009L1
BG343,Yambol,BG013L1
BG344,Stara Zagora,BG008L2
BG411,Sofia (stolitsa),BG001L2
BG412,Sofia,BG001L2
BG413,Blagoevgrad,BG016L1
BG414,Pernik,BG001L2
BG415,Kyustendil,no FUA associated
BG421,Plovdiv,BG002L2
BG422,Haskovo,BG014L1
BG423,Pazardzhik,BG015L1
BG424,Smolyan,no FUA associated
BG425,Kardzhali,no FUA associated
CH011,Vaud,CH002L1
CH012,Valais,no FUA associated
CH013,Geneve,CH002L1
CH021,Bern,CH004L1
CH022,Freiburg,no FUA associated
CH023,Solothurn,no FUA associated
CH024,Neuchatel,no FUA associated
CH025,Jura,no FUA associated
CH031,Basel-Stadt,CH003L1
CH032,Basel-Landschaft,CH003L1
CH033,Aargau,no FUA associated
CH040,Zurich,CH001L1
CH051,Glarus,no FUA associated
CH052,Schaffhausen,no FUA associated
CH053,Appenzell Ausserrhoden,CH007L1
CH054,Appenzell Innerrhoden,no FUA associated
CH055,St. Gallen,CH007L1
CH056,Graubunden,no FUA associated
CH057,Thurgau,no FUA associated
CH061,Luzern,CH008L1
CH062,Uri,no FUA associated
CH063,Schwyz,no FUA associated
CH064,Obwalden,no FUA associated
CH065,Nidwalden,no FUA associated
CH066,Zug,no FUA associated
CH070,Ticino,CH009L1
CY000,Kypros,CY001L1
CZ010,Hlavni mesto Praha,CZ001L1
CZ020,Stredocesky kraj,CZ001L1
CZ031,Jihocesky kraj,CZ008L1
CZ032,Plzensky kraj,CZ004L1
CZ041,Karlovarsky kraj,CZ013L1
CZ042,Ustecky kraj,CZ005L1
CZ051,Liberecky kraj,CZ007L1
CZ052,Kralovehradecky kraj,CZ009L1
CZ053,Pardubicky kraj,CZ010L1
CZ063,Kraj Vysocina,CZ014L1
CZ064,Jihomoravsky kraj,CZ002L1
CZ071,Olomoucky kraj,CZ006L1
CZ072,Zlinsky kraj,CZ011L1
CZ080,Moravskoslezsky kraj,CZ003L1
DE111,"Stuttgart, Stadtkreis",DE007L1
DE112,Boblingen,DE007L1
DE113,Esslingen,DE007L1
DE114,Goppingen,DE007L1
DE115,Ludwigsburg,DE007L1
DE116,Rems-Murr-Kreis,DE007L1
DE117,"Heilbronn, Stadtkreis",DE529L1
DE118,"Heilbronn, Landkreis",DE529L1
DE119,Hohenlohekreis,no FUA associated
DE11A,Schwabisch Hall,no FUA associated
DE11B,Main-Tauber-Kreis,no FUA associated
DE11C,Heidenheim,no FUA associated
DE11D,Ostalbkreis,no FUA associated
DE121,"Baden-Baden, Stadtkreis",no FUA associated
DE122,"Karlsruhe, Stadtkreis",DE035L1
DE123,"Karlsruhe, Landkreis",DE035L1
DE124,Rastatt,no FUA associated
DE125,"Heidelberg, Stadtkreis",DE522L1
DE126,"Mannheim, Stadtkreis",DE084L1
DE127,Neckar-Odenwald-Kreis,no FUA associated
DE128,Rhein-Neckar-Kreis,DE522L1
DE129,"Pforzheim, Stadtkreis",DE533L1
DE12A,Calw,no FUA associated
DE12B,Enzkreis,DE533L1
DE12C,Freudenstadt,no FUA associated
DE131,"Freiburg im Breisgau, Stadtkreis",DE027L1
DE132,Breisgau-Hochschwarzwald,DE027L1
DE133,Emmendingen,DE027L1
DE134,Ortenaukreis,DE073L1
DE135,Rottweil,no FUA associated
DE136,Schwarzwald-Baar-Kreis,DE051L1
DE137,Tuttlingen,no FUA associated
DE138,Konstanz,DE054L1
DE139,Lorrach,no FUA associated
DE13A,Waldshut,no FUA associated
DE141,Reutlingen,DE537L1
DE142,"Tubingen, Landkreis",DE050L1
DE143,Zollernalbkreis,no FUA associated
DE144,"Ulm, Stadtkreis",DE532L1
DE145,Alb-Donau-Kreis,DE532L1
DE146,Biberach,no FUA associated
DE147,Bodenseekreis,DE072L1
DE148,Ravensburg,no FUA associated
DE149,Sigmaringen,no FUA associated
DE211,"Ingolstadt, Kreisfreie Stadt",DE534L1
DE212,"Munchen, Kreisfreie Stadt",DE003L1
DE213,"Rosenheim, Kreisfreie Stadt",DE069L1
DE214,Altotting,no FUA associated
DE215,Berchtesgadener Land,no FUA associated
DE216,Bad Tolz-Wolfratshausen,no FUA associated
DE217,Dachau,DE003L1
DE218,Ebersberg,DE003L1
DE219,Eichstatt,DE534L1
DE21A,Erding,DE003L1
DE21B,Freising,DE003L1
DE21C,Furstenfeldbruck,DE003L1
DE21D,Garmisch-Partenkirchen,no FUA associated
DE21E,Landsberg am Lech,DE003L1
DE21F,Miesbach,no FUA associated
DE21G,Muhldorf a. Inn,no FUA associated
DE21H,"Munchen, Landkreis",DE003L1
DE21I,Neuburg-Schrobenhausen,DE534L1
DE21J,Pfaffenhofen a. d. Ilm,DE534L1
DE21K,"Rosenheim, Landkreis",DE069L1
DE21L,Starnberg,DE003L1
DE21M,Traunstein,no FUA associated
DE21N,Weilheim-Schongau,no FUA associated
DE221,"Landshut, Kreisfreie Stadt",DE067L1
DE222,"Passau, Kreisfreie Stadt",DE081L1
DE223,"Straubing, Kreisfreie Stadt",no FUA associated
DE224,Deggendorf,no FUA associated
DE225,Freyung-Grafenau,no FUA associated
DE226,Kelheim,DE028L1
DE227,"Landshut, Landkreis",DE067L1
DE228,"Passau, Landkreis",DE081L1
DE229,Regen,no FUA associated
DE22A,Rottal-Inn,no FUA associated
DE22B,Straubing-Bogen,no FUA associated
DE22C,Dingolfing-Landau,no FUA associated
DE231,"Amberg, Kreisfreie Stadt",no FUA associated
DE232,"Regensburg, Kreisfreie Stadt",DE028L1
DE233,"Weiden i. d. Opf, Kreisfreie Stadt",no FUA associated
DE234,Amberg-Sulzbach,no FUA associated
DE235,Cham,no FUA associated
DE236,Neumarkt i. d. Opf.,no FUA associated
DE237,Neustadt a. d. Waldnaab,no FUA associated
DE238,"Regensburg, Landkreis",DE028L1
DE239,Schwandorf,no FUA associated
DE23A,Tirschenreuth,no FUA associated
DE241,"Bamberg, Kreisfreie Stadt",DE062L1
DE242,"Bayreuth, Kreisfreie Stadt",DE059L1
DE243,"Coburg, Kreisfreie Stadt",no FUA associated
DE244,"Hof, Kreisfreie Stadt",no FUA associated
DE245,"Bamberg, Landkreis",DE062L1
DE246,"Bayreuth, Landkreis",DE059L1
DE247,"Coburg, Landkreis",no FUA associated
DE248,Forchheim,no FUA associated
DE249,"Hof, Landkreis",no FUA associated
DE24A,Kronach,no FUA associated
DE24B,Kulmbach,DE059L1
DE24C,Lichtenfels,no FUA associated
DE24D,Wunsiedel i. Fichtelgebirge,no FUA associated
DE251,"Ansbach, Kreisfreie Stadt",no FUA associated
DE252,"Erlangen, Kreisfreie Stadt",DE014L1
DE253,"Furth, Kreisfreie Stadt",DE014L1
DE254,"Nurnberg, Kreisfreie Stadt",DE014L1
DE255,"Schwabach, Kreisfreie Stadt",DE014L1
DE256,"Ansbach, Landkreis",no FUA associated
DE257,Erlangen-Hochstadt,DE014L1
DE258,"Furth, Landkreis",DE014L1
DE259,Nurnberger Land,DE014L1
DE25A,Neustadt a. d. Aisch-Bad Windsheim,no FUA associated
DE25B,Roth,DE014L1
DE25C,Weissenburg-Gunzenhausen,no FUA associated
DE261,"Aschaffenburg, Kreisfreie Stadt",DE061L1
DE262,"Schweinfurt, Kreisfreie Stadt",DE077L1
DE263,"Wurzburg, Kreisfreie Stadt",DE524L2
DE264,"Aschaffenburg, Landkreis",DE061L1
DE265,Bad Kissingen,DE077L1
DE266,Rhon-Grabfeld,no FUA associated
DE267,Hassberge,no FUA associated
DE268,Kitzingen,DE524L2
DE269,Miltenberg,DE061L1
DE26A,Main-Spessart,DE524L2
DE26B,"Schweinfurt, Landkreis",DE077L1
DE26C,"Wurzburg, Landkreis",DE524L2
DE271,"Augsburg, Kreisfreie Stadt",DE033L1
DE272,"Kaufbeuren, Kreisfreie Stadt",no FUA associated
DE273,"Kempten (Allgau), Kreisfreie Stadt",DE066L1
DE274,"Memmingen, Kreisfreie Stadt",no FUA associated
DE275,Aichach-Friedberg,DE033L1
DE276,"Augsburg, Landkreis",DE033L1
DE277,Dillingen a.d. Donau,no FUA associated
DE278,Gunzburg,no FUA associated
DE279,Neu-Ulm,DE532L1
DE27A,Lindau (Bodensee),no FUA associated
DE27B,Ostallgau,no FUA associated
DE27C,Unterallgau,no FUA associated
DE27D,Donau-Ries,no FUA associated
DE27E,Oberallgau,DE066L1
DE300,Berlin,DE001L1
DE401,"Brandenburg an der Havel, Kreisfreie Stadt",DE001L1
DE402,"Cottbus, Kreisfreie Stadt",DE539L1
DE403,"Frankfurt (Oder), Kreisfreie Stadt",DE001L1
DE404,"Potsdam, Kreisfreie Stadt",DE001L1
DE405,Barnim,DE001L1
DE406,Dahme-Spreewald,DE001L1
DE407,Elbe-Elster,no FUA associated
DE408,Havelland,DE001L1
DE409,Markisch-Oderland,DE001L1
DE40A,Oberhavel,DE001L1
DE40B,Oberspreewald-Lausitz,no FUA associated
DE40C,Oder-Spree,DE001L1
DE40D,Ostprignitz-Ruppin,no FUA associated
DE40E,Potsdam-Mittelmark,DE001L1
DE40F,Prignitz,no FUA associated
DE40G,Spree-Neisse,DE539L1
DE40H,Teltow-Flaming,DE001L1
DE40I,Uckermark,no FUA associated
DE501,"Bremen, Kreisfreie Stadt",DE012L1
DE502,"Bremerhaven, Kreisfreie Stadt",DE527L1
DE600,Hamburg,DE002L1
DE711,"Darmstadt, Kreisfreie Stadt",DE025L1
DE712,"Frankfurt am Main, Kreisfreie Stadt",DE005L1
DE713,"Offenbach am Main, Kreisfreie Stadt",DE005L1
DE714,"Wiesbaden, Kreisfreie Stadt",DE020L1
DE715,Bergstrasse,DE084L1
DE716,Darmstadt-Dieburg,DE025L1
DE717,Gross-Gerau,DE005L1
DE718,Hochtaunuskreis,DE005L1
DE719,Main-Kinzig-Kreis,DE005L1
DE71A,Main-Taunus-Kreis,DE005L1
DE71B,Odenwaldkreis,no FUA associated
DE71C,"Offenbach, Landkreis",DE005L1
DE71D,Rheingau-Taunus-Kreis,DE020L1
DE71E,Wetteraukreis,DE005L1
DE721,"Giessen, Landkreis",DE057L1
DE722,Lahn-Dill-Kreis,DE079L1
DE723,Limburg-Weilburg,no FUA associated
DE724,Marburg-Biedenkopf,DE053L1
DE725,Vogelsbergkreis,no FUA associated
DE731,"Kassel, Kreisfreie Stadt",DE513L1
DE732,Fulda,DE065L1
DE733,Hersfeld-Rotenburg,no FUA associated
DE734,"Kassel, Landkreis",DE513L1
DE735,Schwalm-Eder-Kreis,no FUA associated
DE736,Waldeck-Frankenberg,no FUA associated
DE737,Werra-Meissner-Kreis,no FUA associated
DE803,"Rostock, Kreisfreie Stadt",DE043L2
DE804,"Schwerin, Kreisfreie Stadt",DE031L1
DE80J,Mecklenburgische Seenplatte,DE064L1
DE80K,Landkreis Rostock,DE043L2
DE80L,Vorpommern-Rugen,DE071L1
DE80M,Nordwestmecklenburg,no FUA associated
DE80N,Vorpommern-Greifswald,DE078L1
DE80O,Ludwigslust-Parchim,DE031L1
DE911,"Braunschweig, Kreisfreie Stadt",DE083L1
DE912,"Salzgitter, Kreisfreie Stadt",DE083L1
DE913,"Wolfsburg, Kreisfreie Stadt",DE083L1
DE914,Gifhorn,DE083L1
DE915,Gottingen,DE021L1
DE916,Goslar,no FUA associated
DE917,Helmstedt,DE083L1
DE918,Northeim,DE021L1
DE919,Osterode am Harz,no FUA associated
DE91A,Peine,DE083L1
DE91B,Wolfenbuttel,DE083L1
DE922,Diepholz,DE012L1
DE923,Hameln-Pyrmont,no FUA associated
DE925,Hildesheim,DE542L1
DE926,Holzminden,no FUA associated
DE927,Nienburg (Weser),no FUA associated
DE928,Schaumburg,DE013L1
DE929,Region Hannover,DE013L1
DE931,Celle,DE060L1
DE932,Cuxhaven,DE527L1
DE933,Harburg,DE002L1
DE934,Luchow-Dannenberg,no FUA associated
DE935,"Luneburg, Landkreis",DE058L1
DE936,Osterholz,DE012L1
DE937,Rotenburg (Wumme),DE012L1
DE938,Heidekreis,no FUA associated
DE939,Stade,DE002L1
DE93A,Uelzen,no FUA associated
DE93B,Verden,DE012L1
DE941,"Delmenhorst, Kreisfreie Stadt",DE012L1
DE942,"Emden, Kreisfreie Stadt",no FUA associated
DE943,"Oldenburg (Oldenburg), Kreisfreie Stadt",DE520L1
DE944,"Osnabruck, Kreisfreie Stadt",DE517L1
DE945,"Wilhelmshaven, Kreisfreie Stadt",DE048L1
DE946,Ammerland,DE520L1
DE947,Aurich,no FUA associated
DE948,Cloppenburg,no FUA associated
DE949,Emsland,no FUA associated
DE94A,Friesland (DE),DE048L1
DE94B,Grafschaft Bentheim,no FUA associated
DE94C,Leer,no FUA associated
DE94D,"Oldenburg, Landkreis",DE520L1
DE94E,"Osnabruck, Landkreis",DE517L1
DE94F,Vechta,no FUA associated
DE94G,Wesermarsch,no FUA associated
DE94H,Wittmund,no FUA associated
DEA11,"Dusseldorf, Kreisfreie Stadt",DE011L1
DEA12,"Duisburg, Kreisfreie Stadt",DE038L1
DEA13,"Essen, Kreisfreie Stadt",DE038L1
DEA14,"Krefeld, Kreisfreie Stadt",DE508L0
DEA15,"Monchengladbach, Kreisfreie Stadt",DE036L0
DEA16,"Mulheim an der Ruhr,Kreisfreie Stadt",DE038L1
DEA17,"Oberhausen, Kreisfreie Stadt",DE038L1
DEA18,"Remscheid, Kreisfreie Stadt",DE530L0
DEA19,"Solingen, Kreisfreie Stadt",DE516L0
DEA1A,"Wuppertal, Kreisfreie Stadt",DE546L0
DEA1B,Kleve,no FUA associated
DEA1C,Mettmann,DE011L1
DEA1D,Rhein-Kreis Neuss,DE011L1
DEA1E,Viersen,no FUA associated
DEA1F,Wesel,DE038L1
DEA22,"Bonn, Kreisfreie Stadt",DE034L1
DEA23,"Koln, Kreisfreie Stadt",DE004L1
DEA24,"Leverkusen, Kreisfreie Stadt",DE004L1
DEA26,Duren,no FUA associated
DEA27,Rhein-Erft-Kreis,DE004L1
DEA28,Euskirchen,no FUA associated
DEA29,Heinsberg,no FUA associated
DEA2A,Oberbergischer Kreis,no FUA associated
DEA2B,Rheinisch-Bergischer Kreis,DE004L1
DEA2C,Rhein-Sieg-Kreis,DE034L1
DEA2D,Stadteregion Aachen,DE507L1
DEA31,"Bottrop, Kreisfreie Stadt",DE038L1
DEA32,"Gelsenkirchen, Kreisfreie Stadt",DE038L1
DEA33,"Munster, Kreisfreie Stadt",DE504L1
DEA34,Borken,no FUA associated
DEA35,Coesfeld,DE504L1
DEA36,Recklinghausen,DE038L1
DEA37,Steinfurt,no FUA associated
DEA38,Warendorf,no FUA associated
DEA41,"Bielefeld, Kreisfreie Stadt",DE017L0
DEA42,Gutersloh,no FUA associated
DEA43,Herford,no FUA associated
DEA44,Hoxter,no FUA associated
DEA45,Lippe,no FUA associated
DEA46,Minden-Lubbecke,no FUA associated
DEA47,Paderborn,DE523L1
DEA51,"Bochum, Kreisfreie Stadt",DE038L1
DEA52,"Dortmund, Kreisfreie Stadt",DE038L1
DEA53,"Hagen, Kreisfreie Stadt",DE038L1
DEA54,"Hamm, Kreisfreie Stadt",DE038L1
DEA55,"Herne, Kreisfreie Stadt",DE038L1
DEA56,Ennepe-Ruhr-Kreis,DE038L1
DEA57,Hochsauerlandkreis,no FUA associated
DEA58,Markischer Kreis,DE045L1
DEA59,Olpe,no FUA associated
DEA5A,Siegen-Wittgenstein,DE540L2
DEA5B,Soest,no FUA associated
DEA5C,Unna,DE038L1
DEB11,"Koblenz, Kreisfreie Stadt",DE042L1
DEB12,Ahrweiler,no FUA associated
DEB13,Altenkirchen (Westerwald),DE540L2
DEB14,Bad Kreuznach,no FUA associated
DEB15,Birkenfeld,no FUA associated
DEB16,Cochem-Zell,no FUA associated
DEB17,Mayen-Koblenz,DE042L1
DEB18,Neuwied,no FUA associated
DEB19,Rhein-Hunsruck-Kreis,no FUA associated
DEB1A,Rhein-Lahn-Kreis,no FUA associated
DEB1B,Westerwaldkreis,no FUA associated
DEB21,"Trier, Kreisfreie Stadt",DE026L1
DEB22,Bernkastel-Wittlich,no FUA associated
DEB23,Eifelkreis Bitburg-Prum,no FUA associated
DEB24,Vulkaneifel,no FUA associated
DEB25,Trier-Saarburg,DE026L1
DEB31,"Frankenthal (Pfalz), Kreisfreie Stadt",DE084L1
DEB32,"Kaiserslautern, Kreisfreie Stadt",DE044L1
DEB33,"Landau in der Pfalz, Kreisfreie Stadt",no FUA associated
DEB34,"Ludwigshafen am Rhein, Kreisfreie Stadt",DE084L1
DEB35,"Mainz, Kreisfreie Stadt",DE037L1
DEB36,"Neustadt an der Weinstrasse, Kreisfreie Stadt",DE084L1
DEB37,"Pirmasens, Kreisfreie Stadt",no FUA associated
DEB38,"Speyer, Kreisfreie Stadt",DE084L1
DEB39,"Worms, Kreisfreie Stadt",no FUA associated
DEB3A,"Zweibrucken, Kreisfreie Stadt",no FUA associated
DEB3B,Alzey-Worms,no FUA associated
DEB3C,Bad Durkheim,DE084L1
DEB3D,Donnersbergkreis,no FUA associated
DEB3E,Germersheim,no FUA associated
DEB3F,"Kaiserslautern, Landkreis",DE044L1
DEB3G,Kusel,DE044L1
DEB3H,Sudliche Weinstrasse,no FUA associated
DEB3I,Rhein-Pfalz-Kreis,DE084L1
DEB3J,Mainz-Bingen,DE037L1
DEB3K,Sudwestpfalz,no FUA associated
DEC01,Regionalverband Saarbrucken,DE040L1
DEC02,Merzig-Wadern,no FUA associated
DEC03,Neunkirchen,DE040L1
DEC04,Saarlouis,DE040L1
DEC05,Saarpfalz-Kreis,DE040L1
DEC06,St. Wendel,no FUA associated
DED21,"Dresden, Kreisfreie Stadt",DE009L2
DED2C,Bautzen,DE009L2
DED2D,Gorlitz,DE074L1
DED2E,Meissen,DE009L2
DED2F,Sachsische Schweiz-Osterzgebirge,DE009L2
DED41,"Chemnitz, Kreisfreie Stadt",DE505L0
DED42,Erzgebirgskreis,no FUA associated
DED43,Mittelsachsen,no FUA associated
DED44,Vogtlandkreis,DE063L1
DED45,Zwickau,DE544L1
DED51,"Leipzig, Kreisfreie Stadt",DE008L2
DED52,Leipzig,DE008L2
DED53,Nordsachsen,DE008L2
DEE01,"Dessau-Rosslau, Kreisfreie Stadt",DE082L0
DEE02,"Halle (Saale), Kreisfreie Stadt",DE018L1
DEE03,"Magdeburg, Kreisfreie Stadt",DE019L2
DEE04,Altmarkkreis Salzwedel,no FUA associated
DEE05,Anhalt-Bitterfeld,no FUA associated
DEE06,Jerichower Land,DE019L2
DEE07,Borde,DE019L2
DEE08,Burgenland (DE),no FUA associated
DEE09,Harz,no FUA associated
DEE0A,Mansfeld-Sudharz,no FUA associated
DEE0B,Saalekreis,DE018L1
DEE0C,Salzlandkreis,no FUA associated
DEE0D,Stendal,no FUA associated
DEE0E,Wittenberg,no FUA associated
DEF01,"Flensburg, Kreisfreie Stadt",DE052L1
DEF02,"Kiel, Kreisfreie Stadt",DE039L1
DEF03,"Lubeck, Kreisfreie Stadt",DE002L1
DEF04,"Neumunster, Kreisfreie Stadt",DE039L1
DEF05,Dithmarschen,no FUA associated
DEF06,Herzogtum Lauenburg,DE002L1
DEF07,Nordfriesland,no FUA associated
DEF08,Ostholstein,DE510L1
DEF09,Pinneberg,DE002L1
DEF0A,Plon,DE039L1
DEF0B,Rendsburg-Eckernforde,DE039L1
DEF0C,Schleswig-Flensburg,DE052L1
DEF0D,Segeberg,DE002L1
DEF0E,Steinburg,no FUA associated
DEF0F,Stormarn,DE002L1
DEG01,"Erfurt, Kreisfreie Stadt",DE032L1
DEG02,"Gera, Kreisfreie Stadt",DE535L1
DEG03,"Jena, Kreisfreie Stadt",DE547L2
DEG04,"Suhl, Kreisfreie Stadt",no FUA associated
DEG05,"Weimar, Kreisfreie Stadt",DE030L1
DEG06,Eichsfeld,no FUA associated
DEG07,Nordhausen,no FUA associated
DEG09,Unstrut-Hainich-Kreis,no FUA associated
DEG0A,Kyffhauserkreis,no FUA associated
DEG0B,Schmalkalden-Meiningen,no FUA associated
DEG0C,Gotha,DE032L1
DEG0D,Sommerda,DE032L1
DEG0E,Hildburghausen,no FUA associated
DEG0F,Ilm-Kreis,DE032L1
DEG0G,Weimarer Land,DE030L1
DEG0H,Sonneberg,no FUA associated
DEG0I,Saalfeld-Rudolstadt,no FUA associated
DEG0J,Saale-Holzland-Kreis,DE547L2
DEG0K,Saale-Orla-Kreis,no FUA associated
DEG0L,Greiz,DE535L1
DEG0M,Altenburger Land,no FUA associated
DEG0N,"Eisenach, Kreisfreie Stadt",no FUA associated
DEG0P,Wartburgkreis,no FUA associated
DK011,Byen Kobenhavn,DK001L2
DK012,Kobenhavns Omegn,DK001L2
DK013,Nordsjaelland,DK001L2
DK014,Bornholm,no FUA associated
DK021,Ostsjaelland,DK001L2
DK022,Vest- og Sydsjaelland,no FUA associated
DK031,Fyn,DK003L1
DK032,Sydjylland,no FUA associated
DK041,Vestjylland,no FUA associated
DK042,Ostjylland,DK002L2
DK050,Nordjylland,DK004L2
EE001,Pohja-Eesti,EE001L1
EE004,Laane-Eesti,no FUA associated
EE006,Kesk-Eesti,no FUA associated
EE007,Kirde-Eesti,EE003L0
EE008,Louna-Eesti,EE002L1
EL301,Boreios Tomeas Athinon,EL001L1
EL302,Ditikos Tomeas Athinon,EL001L1
EL303,Kentrikos Tomeas Athinon,EL001L1
EL304,Notios Tomeas Athinon,EL001L1
EL305,Anatoliki Attiki,EL001L1
EL306,Ditiki Attiki,EL001L1
EL307,"Peiraias, Nisoi",no FUA associated
EL411,"Lesbos, Limnos",no FUA associated
EL412,"Ikaria, Samos",no FUA associated
EL413,Xios,no FUA associated
EL421,"Kalimnos, Karpathos, Kos, Rodos",no FUA associated
EL422,Kiklades,no FUA associated
EL431,Irakleio,EL004L1
EL432,Lasithi,no FUA associated
EL433,Rethimni,no FUA associated
EL434,Xania,no FUA associated
EL511,Evros,no FUA associated
EL512,Xanthi,no FUA associated
EL513,Rodopi,no FUA associated
EL514,Drama,no FUA associated
EL515,"Thasos, Kavala",EL008L1
EL521,Imathia,no FUA associated
EL522,Thessaloniki,EL002L1
EL523,Kilkis,no FUA associated
EL524,Pella,no FUA associated
EL525,Pieria,no FUA associated
EL526,Serres,no FUA associated
EL527,Chalkidiki,no FUA associated
EL531,"Grevena, Kozani",no FUA associated
EL532,Kastoria,no FUA associated
EL533,Florina,no FUA associated
EL541,"Arta, Prebeza",no FUA associated
EL542,Thesprotia,no FUA associated
EL543,Ioannina,EL007L1
EL611,"Karditsa, Trikala",no FUA associated
EL612,Larisa,EL005L1
EL613,Magnisia,EL006L1
EL621,Zakinthos,no FUA associated
EL622,Kerkira,no FUA associated
EL623,"Ithaki, Kefallinia",no FUA associated
EL624,Leikada,no FUA associated
EL631,Aitoloakarnania,no FUA associated
EL632,AxaIa,EL003L1
EL633,Ileia,no FUA associated
EL641,Boiotia,no FUA associated
EL642,Evvoia,no FUA associated
EL643,Eiritania,no FUA associated
EL644,Fthiotida,no FUA associated
EL645,Fokida,no FUA associated
EL651,"Argolida, Arkadia",no FUA associated
EL652,Korinthia,no FUA associated
EL653,"Lakonia, Messinia",EL009L1
ES111,A Coruna,ES011L2
ES112,Lugo,ES031L0
ES113,Ourense,ES529L1
ES114,Pontevedra,ES022L2
ES120,Asturias,ES013L2
ES130,Cantabria,ES015L2
ES211,Araba/Alava,ES012L2
ES212,Gipuzkoa,ES070L0
ES213,Bizkaia,ES019L2
ES220,Navarra,ES014L2
ES230,La Rioja,ES018L2
ES241,Huesca,no FUA associated
ES242,Teruel,no FUA associated
ES243,Zaragoza,ES005L2
ES300,Madrid,ES001L2
ES411,Avila,no FUA associated
ES412,Burgos,ES515L1
ES413,Leon,ES057L0
ES414,Palencia,ES041L0
ES415,Salamanca,ES516L1
ES416,Segovia,no FUA associated
ES417,Soria,no FUA associated
ES418,Valladolid,ES009L2
ES419,Zamora,ES059L0
ES421,Albacete,ES519L1
ES422,Ciudad Real,ES053L0
ES423,Cuenca,no FUA associated
ES424,Guadalajara,ES048L0
ES425,Toledo,ES016L2
ES431,Badajoz,ES017L2
ES432,Caceres,ES034L0
ES511,Barcelona,ES002L2
ES512,Girona,ES033L0
ES513,Lleida,ES528L1
ES514,Tarragona,ES028L1
ES521,Alicante / Alacant,ES021L2
ES522,Castellon / Castello,ES520L1
ES523,Valencia / Valencia,ES003L2
ES531,Eivissa y Formentera,no FUA associated
ES532,Mallorca,ES010L2
ES533,Menorca,no FUA associated
ES611,Almeria,ES514L1
ES612,Cadiz,ES037L0
ES613,Cordoba,ES020L2
ES614,Granada,ES501L1
ES615,Huelva,ES062L0
ES616,Jaen,ES527L1
ES617,Malaga,ES006L2
ES618,Sevilla,ES004L2
ES620,Murcia,ES007L2
ES630,Ceuta,ES045L0
ES640,Melilla,ES055L0
ES703,El Hierro,no FUA associated
ES704,Fuerteventura,no FUA associated
ES705,Gran Canaria,ES008L2
ES706,La Gomera,no FUA associated
ES707,La Palma,no FUA associated
ES708,Lanzarote,ES072L0
ES709,Tenerife,ES025L2
FI193,Keski-Suomi,FI009L1
FI194,Etela-Pohjanmaa,no FUA associated
FI195,Pohjanmaa,no FUA associated
FI196,Satakunta,no FUA associated
FI197,Pirkanmaa,FI002L2
FI1B1,Helsinki-Uusimaa,FI001L2
FI1C1,Varsinais-Suomi,FI003L2
FI1C2,Kanta-Hame,no FUA associated
FI1C3,Paijat-Hame,FI007L1
FI1C4,Kymenlaakso,no FUA associated
FI1C5,Etela-Karjala,no FUA associated
FI1D1,Etela-Savo,no FUA associated
FI1D2,Pohjois-Savo,FI008L1
FI1D3,Pohjois-Karjala,no FUA associated
FI1D4,Kainuu,no FUA associated
FI1D5,Keski-Pohjanmaa,no FUA associated
FI1D6,Pohjois-Pohjanmaa,FI004L2
FI1D7,Lappi,no FUA associated
FI200,Aland,no FUA associated
FR101,Paris,FR001L1
FR102,Seine-et-Marne,FR001L1
FR103,Yvelines,FR001L1
FR104,Essonne,FR001L1
FR105,Hauts-de-Seine,FR001L1
FR106,Seine-Saint-Denis,FR001L1
FR107,Val-de-Marne,FR001L1
FR108,Val-d'Oise,FR001L1
FR211,Ardennes,FR505L1
FR212,Aube,FR051L2
FR213,Marne,FR018L2
FR214,Haute-Marne,no FUA associated
FR221,Aisne,FR079L2
FR222,Oise,FR001L1
FR223,Somme,FR014L2
FR231,Eure,FR086L2
FR232,Seine-Maritime,FR012L2
FR241,Cher,FR065L2
FR242,Eure-et-Loir,FR060L2
FR243,Indre,FR090L2
FR244,Indre-et-Loire,FR035L2
FR245,Loir-et-Cher,no FUA associated
FR246,Loiret,FR019L2
FR251,Calvados,FR023L2
FR252,Manche,FR069L2
FR253,Orne,no FUA associated
FR261,Cote-d'Or,FR020L2
FR262,Nievre,no FUA associated
FR263,Saone-et-Loire,FR059L2
FR264,Yonne,no FUA associated
FR301,Nord,FR009L2
FR302,Pas-de-Calais,FR057L2
FR411,Meurthe-et-Moselle,FR016L2
FR412,Meuse,no FUA associated
FR413,Moselle,FR017L2
FR414,Vosges,no FUA associated
FR421,Bas-Rhin,FR006L2
FR422,Haut-Rhin,FR040L2
FR431,Doubs,FR025L2
FR432,Jura,no FUA associated
FR433,Haute-Saone,FR050L2
FR434,Territoire de Belfort,FR076L2
FR511,Loire-Atlantique,FR008L2
FR512,Maine-et-Loire,FR036L2
FR513,Mayenne,no FUA associated
FR514,Sarthe,FR038L2
FR515,Vendee,no FUA associated
FR521,Cotes-d'Armor,FR066L2
FR522,Finistere,FR037L2
FR523,Ille-et-Vilaine,FR013L2
FR524,Morbihan,FR049L2
FR531,Charente,FR056L2
FR532,Charente-Maritime,FR053L2
FR533,Deux-Sevres,FR061L2
FR534,Vienne,FR021L2
FR611,Dordogne,no FUA associated
FR612,Gironde,FR007L2
FR613,Landes,no FUA associated
FR614,Lot-et-Garonne,no FUA associated
FR615,Pyrenees-Atlantiques,FR045L2
FR621,Ariege,no FUA associated
FR622,Aveyron,no FUA associated
FR623,Haute-Garonne,FR004L2
FR624,Gers,no FUA associated
FR625,Lot,no FUA associated
FR626,Hautes-Pyrenees,FR073L2
FR627,Tarn,FR096L2
FR628,Tarn-et-Garonne,no FUA associated
FR631,Correze,FR093L2
FR632,Creuse,no FUA associated
FR633,Haute-Vienne,FR024L2
FR711,Ain,FR003L2
FR712,Ardeche,no FUA associated
FR713,Drome,FR214L1
FR714,Isere,FR026L2
FR715,Loire,FR011L2
FR716,Rhone,FR003L2
FR717,Savoie,FR058L2
FR718,Haute-Savoie,FR047L0
FR721,Allier,no FUA associated
FR722,Cantal,no FUA associated
FR723,Haute-Loire,no FUA associated
FR724,Puy-de-Dome,FR022L2
FR811,Aude,no FUA associated
FR812,Gard,FR039L1
FR813,Herault,FR010L2
FR814,Lozere,no FUA associated
FR815,Pyrenees-Orientales,FR043L2
FR821,Alpes-de-Haute-Provence,no FUA associated
FR822,Hautes-Alpes,no FUA associated
FR823,Alpes-Maritimes,FR205L2
FR824,Bouches-du-Rhone,FR203L2
FR825,Var,FR032L2
FR826,Vaucluse,FR039L1
FR831,Corse-du-Sud,FR027L2
FR832,Haute-Corse,no FUA associated
FRA10,Guadeloupe,no FUA associated
FRA20,Martinique,FR030L1
FRA30,Guyane,no FUA associated
FRA40,La Reunion,FR028L1
FRA50,Mayotte,no FUA associated
HR031,Primorsko-Goranska Zupanija,HR002L2
HR032,Licko-Senjska Zupanija,no FUA associated
HR033,Zadarska Zupanija,no FUA associated
HR034,Sibensko-kninska zupanija,no FUA associated
HR035,Splitsko-Dalmatinska Zupanija,HR005L2
HR036,Istarska Zupanija,no FUA associated
HR037,Dubrovacko-Neretvanska Zupanija,no FUA associated
HR041,Grad Zagreb,HR001L2
HR042,Zagrebacka Zupanija,HR001L2
HR043,Krapinsko-Zagorska Zupanija,HR001L2
HR044,Varazdinska zupanija,no FUA associated
HR045,Koprivnicko-Krizevacka Zupanija,no FUA associated
HR046,Medimurska Zupanija,no FUA associated
HR047,Bjelovarsko-Bilogorska Zupanija,no FUA associated
HR048,Viroviticko-podravska zupanija,no FUA associated
HR049,Pozesko-Slavonska Zupanija,no FUA associated
HR04A,Brodsko-Posavska Zupanija,HR003L2
HR04B,Osjecko-Baranjska Zupanija,HR004L2
HR04C,Vukovarsko-srijemska zupanija,no FUA associated
HR04D,Karlovacka Zupanija,no FUA associated
HR04E,Sisacko-Moslavacka Zupanija,no FUA associated
HU101,Budapest,HU001L2
HU102,Pest,HU001L2
HU211,Fejer,HU009L2
HU212,Komarom-Esztergom,no FUA associated
HU213,Veszprem,no FUA associated
HU221,Gyor-Moson-Sopron,HU007L2
HU222,Vas,HU010L1
HU223,Zala,no FUA associated
HU231,Baranya,HU004L2
HU232,Somogy,no FUA associated
HU233,Tolna,no FUA associated
HU311,Borsod-Abauj-Zemplen,HU002L2
HU312,Heves,no FUA associated
HU313,Nograd,no FUA associated
HU321,Hajdu-Bihar,HU005L2
HU322,Jasz-Nagykun-Szolnok,no FUA associated
HU323,Szabolcs-Szatmar-Bereg,HU003L2
HU331,Bacs-Kiskun,HU008L2
HU332,Bekes,no FUA associated
HU333,Csongrad,HU006L2
IE011,Border,no FUA associated
IE012,Midland,no FUA associated
IE013,West,IE004L1
IE021,Dublin,IE001L1
IE022,Mid-East,IE001L1
IE023,Mid-West,IE003L1
IE024,South-East (IE),IE005L1
IE025,South-West (IE),IE002L1
IS001,Hofudborgarsvaedi,IS001L1
IS002,Landsbyggd,IS001L1
ITC11,Torino,IT004L2
ITC12,Vercelli,no FUA associated
ITC13,Biella,IT059L1
ITC14,Verbano-Cusio-Ossola,no FUA associated
ITC15,Novara,IT516L2
ITC16,Cuneo,no FUA associated
ITC17,Asti,IT045L1
ITC18,Alessandria,no FUA associated
ITC20,Valle d'Aosta/Vallee D'Aoste,no FUA associated
ITC31,Imperia,IT051L1
ITC32,Savona,IT052L1
ITC33,Genova,IT006L2
ITC34,La Spezia,IT036L1
ITC41,Varese,IT043L1
ITC42,Como,IT040L1
ITC43,Lecco,IT060L1
ITC44,Sondrio,no FUA associated
ITC46,Bergamo,IT511L2
ITC47,Brescia,IT029L2
ITC48,Pavia,IT046L1
ITC49,Lodi,IT002L2
ITC4A,Cremona,IT013L2
ITC4B,Mantova,no FUA associated
ITC4C,Milano,IT002L2
ITC4D,Monza e della Brianza,IT002L2
ITF11,L'Aquila,no FUA associated
ITF12,Teramo,no FUA associated
ITF13,Pescara,IT019L2
ITF14,Chieti,no FUA associated
ITF21,Isernia,no FUA associated
ITF22,Campobasso,IT020L2
ITF31,Caserta,IT021L2
ITF32,Benevento,IT050L1
ITF33,Napoli,IT003L2
ITF34,Avellino,IT057L1
ITF35,Salerno,IT032L2
ITF43,Taranto,IT022L2
ITF44,Brindisi,no FUA associated
ITF45,Lecce,IT037L1
ITF46,Foggia,IT031L2
ITF47,Bari,IT008L2
ITF48,Barletta-Andria-Trani,IT038L1
ITF51,Potenza,IT023L2
ITF52,Matera,IT054L1
ITF61,Cosenza,IT048L1
ITF62,Crotone,no FUA associated
ITF63,Catanzaro,IT024L2
ITF64,Vibo Valentia,no FUA associated
ITF65,Reggio di Calabria,IT025L2
ITG11,Trapani,no FUA associated
ITG12,Palermo,IT005L2
ITG13,Messina,IT501L2
ITG14,Agrigento,no FUA associated
ITG15,Caltanissetta,no FUA associated
ITG16,Enna,no FUA associated
ITG17,Catania,IT010L2
ITG18,Ragusa,no FUA associated
ITG19,Siracusa,IT509L2
ITG25,Sassari,IT026L2
ITG26,Nuoro,no FUA associated
ITG27,Cagliari,IT027L1
ITG28,Oristano,no FUA associated
ITG29,Olbia-Tempio,no FUA associated
ITG2A,Ogliastra,no FUA associated
ITG2B,Medio Campidano,no FUA associated
ITG2C,Carbonia-Iglesias,no FUA associated
ITH10,Bolzano-Bozen,IT034L1
ITH20,Trento,IT014L2
ITH31,Verona,IT012L2
ITH32,Vicenza,IT514L2
ITH33,Belluno,no FUA associated
ITH34,Treviso,IT042L1
ITH35,Venezia,IT011L2
ITH36,Padova,IT028L2
ITH37,Rovigo,no FUA associated
ITH41,Pordenone,IT058L1
ITH42,Udine,IT035L1
ITH43,Gorizia,no FUA associated
ITH44,Trieste,IT015L1
ITH51,Piacenza,IT033L1
ITH52,Parma,IT503L2
ITH53,Reggio nell'Emilia,IT505L2
ITH54,Modena,IT030L2
ITH55,Bologna,IT009L1
ITH56,Ferrara,IT507L2
ITH57,Ravenna,IT506L2
ITH58,Forli-Cesena,IT512L2
ITH59,Rimini,IT508L2
ITI11,Massa-Carrara,IT047L1
ITI12,Lucca,IT055L1
ITI13,Pistoia,no FUA associated
ITI14,Firenze,IT007L2
ITI15,Prato,IT502L2
ITI16,Livorno,IT504L2
ITI17,Pisa,IT041L1
ITI18,Arezzo,no FUA associated
ITI19,Siena,no FUA associated
ITI1A,Grosseto,no FUA associated
ITI21,Perugia,IT016L2
ITI22,Terni,IT515L2
ITI31,Pesaro E Urbino,IT039L1
ITI32,Ancona,IT017L2
ITI33,Macerata,no FUA associated
ITI34,Ascoli Piceno,no FUA associated
ITI35,Fermo,no FUA associated
ITI41,Viterbo,no FUA associated
ITI42,Rieti,no FUA associated
ITI43,Roma,IT001L2
ITI44,Latina,IT513L2
ITI45,Frosinone,no FUA associated
LI000,Liechtenstein,no FUA associated
LT001,Alytaus apskritis,LT004L0
LT002,Kauno apskritis,LT002L1
LT003,Klaipedos apskritis,LT501L0
LT004,Marijampoles apskritis,no FUA associated
LT005,Panevezio apskritis,LT003L1
LT006,Siauliu apskritis,LT502L0
LT007,Taurages apskritis,no FUA associated
LT008,Telsiu apskritis,no FUA associated
LT009,Utenos apskritis,no FUA associated
LT00A,Vilniaus apskritis,LT001L1
LU000,Luxembourg,LU001L1
LV003,Kurzeme,LV002L1
LV005,Latgale,LV501L1
LV006,Riga,LV001L0
LV007,Pieriga,no FUA associated
LV008,Vidzeme,no FUA associated
LV009,Zemgale,LV003L1
ME000,Crna Gora,no FUA associated
MK001,Vardarski,no FUA associated
MK002,Istocen,no FUA associated
MK003,Jugozapaden,no FUA associated
MK004,Jugoistocen,no FUA associated
MK005,Pelagoniski,no FUA associated
MK006,Poloski,no FUA associated
MK007,Severoistocen,no FUA associated
MK008,Skopski,no FUA associated
MT001,Malta,MT001L1
MT002,Gozo and Comino / Ghawdex u Kemmuna,no FUA associated
NL111,Oost-Groningen,no FUA associated
NL112,Delfzijl en Omgeving,NL007L2
NL113,Overig Groningen,NL007L2
NL121,Noord-Friesland,NL015L2
NL122,Zuidwest-Friesland,no FUA associated
NL123,Zuidoost-Friesland,no FUA associated
NL131,Noord-Drenthe,NL007L2
NL132,Zuidoost-Drenthe,no FUA associated
NL133,Zuidwest-Drenthe,no FUA associated
NL211,Noord-Overijssel,NL511L2
NL212,Zuidwest-Overijssel,NL513L2
NL213,Twente,NL008L2
NL221,Veluwe,NL014L2
NL224,Zuidwest-Gelderland,no FUA associated
NL225,Achterhoek,no FUA associated
NL226,Arnhem/Nijmegen,NL009L2
NL230,Flevoland,NL002L2
NL310,Utrecht,NL004L2
NL321,Kop van Noord-Holland,no FUA associated
NL322,Alkmaar en Omgeving,NL002L2
NL323,Ijmond,NL002L2
NL324,Agglomeratie Haarlem,NL002L2
NL325,Zaanstreek,NL002L2
NL326,Groot-Amsterdam,NL002L2
NL327,Het Gooi en Vechtstreek,NL002L2
NL332,Agglomeratie 's-Gravenhage,NL001L2
NL333,Delft en Westland,NL017L1
NL337,Agglomeratie Leiden en Bollenstreek,NL029L1
NL338,Oost-Zuid-Holland,NL026L1
NL339,Groot-Rijnmond,NL003L2
NL33A,Zuidoost-Zuid-Holland,NL506L2
NL341,Zeeuwsch-Vlaanderen,no FUA associated
NL342,Overig Zeeland,NL028L1
NL411,West-Noord-Brabant,NL012L2
NL412,Midden-Noord-Brabant,NL006L2
NL413,Noordoost-Noord-Brabant,NL503L2
NL414,Zuidoost-Noord-Brabant,NL005L2
NL421,Noord-Limburg,NL515L2
NL422,Midden-Limburg,no FUA associated
NL423,Zuid-Limburg,NL010L2
NO011,Oslo,NO001L1
NO012,Akershus,NO001L1
NO021,Hedmark,no FUA associated
NO022,Oppland,no FUA associated
NO031,Ostfold,NO001L1
NO032,Buskerud,no FUA associated
NO033,Vestfold,no FUA associated
NO034,Telemark,no FUA associated
NO041,Aust-Agder,NO005L1
NO042,Vest-Agder,NO005L1
NO043,Rogaland,NO004L1
NO051,Hordaland,NO002L1
NO052,Sogn og Fjordane,no FUA associated
NO053,More og Romsdal,no FUA associated
NO061,Sor-Trondelag,NO003L1
NO062,Nord-Trondelag,no FUA associated
NO071,Nordland,no FUA associated
NO072,Troms,NO006L1
NO073,Finnmark,no FUA associated
PL113,Miasto Lodz,PL002L2
PL114,Lodzki,PL002L2
PL115,Piotrkowski,PL032L1
PL116,Sieradzki,no FUA associated
PL117,Skierniewicki,no FUA associated
PL127,Miasto Warszawa,PL001L2
PL128,Radomski,PL025L2
PL129,Warszawski wschodni,PL001L2
PL12A,Warszawski zachodni,PL001L2
PL12B,Ciechanowski,no FUA associated
PL12C,Plocki,PL026L2
PL12D,Ostrolecki,no FUA associated
PL12E,Siedlecki,PL031L1
PL213,Miasto Krakow,PL003L2
PL214,Krakowski,PL003L2
PL217,Tarnowski,PL514L2
PL218,Nowosadecki,PL020L2
PL219,Nowotarski,no FUA associated
PL21A,Oswiecimski,no FUA associated
PL224,Czestochowski,PL024L2
PL225,Bielski,PL506L2
PL227,Rybnicki,PL010L2
PL228,Bytomski,PL010L2
PL229,Gliwicki,PL010L2
PL22A,Katowicki,PL010L2
PL22B,Sosnowiecki,PL010L2
PL22C,Tyski,PL010L2
PL311,Bialski,no FUA associated
PL312,Chelmsko-zamojski,PL041L1
PL314,Lubelski,PL009L2
PL315,Pulawski,no FUA associated
PL323,Krosnienski,no FUA associated
PL324,Przemyski,PL040L1
PL325,Rzeszowski,PL015L2
PL326,Tarnobrzeski,PL045L1
PL331,Kielecki,PL012L2
PL332,Sandomiersko-jedrzejowski,no FUA associated
PL343,Bialostocki,PL011L2
PL344,Lomzynski,PL047L1
PL345,Suwalski,PL021L2
PL411,Pilski,PL034L1
PL414,Koninski,PL022L2
PL415,Miasto Poznan,PL005L2
PL416,Kaliski,PL027L2
PL417,Leszczynski,PL048L1
PL418,Poznanski,PL005L2
PL424,Miasto Szczecin,PL007L2
PL426,Koszalinski,PL028L2
PL427,Szczecinecko-pyrzycki,no FUA associated
PL428,Szczecinski,PL007L2
PL431,Gorzowski,PL017L2
PL432,Zielonogorski,PL018L2
PL514,Miasto Wroclaw,PL004L2
PL515,Jeleniogorski,PL019L2
PL516,Legnicko-Glogowski,PL033L1
PL517,Walbrzyski,PL049L1
PL518,Wroclawski,PL004L2
PL523,Nyski,no FUA associated
PL524,Opolski,PL016L2
PL613,Bydgosko-Torunski,PL008L2
PL616,Grudziadzki,PL517L2
PL617,Inowroclawski,PL035L1
PL618,Swiecki,PL517L2
PL619,Wloclawski,PL513L2
PL621,Elblaski,PL512L2
PL622,Olsztynski,PL014L2
PL623,Elcki,PL052L1
PL633,Trojmiejski,PL006L2
PL634,Gdanski,PL006L2
PL636,Slupski,PL029L1
PL637,Chojnicki,no FUA associated
PL638,Starogardzki,PL051L1
PT111,Alto Minho,PT016L0
PT112,Cavado,PT003L1
PT119,Ave,PT505L1
PT11A,Area Metropolitana do Porto,PT002L2
PT11B,Alto Tamega,no FUA associated
PT11C,Tamega e Sousa,no FUA associated
PT11D,Douro,no FUA associated
PT11E,Terras de Tras-s-Montes,no FUA associated
PT150,Algarve,PT009L1
PT16B,Oeste,no FUA associated
PT16D,Regiao de Aveiro,PT008L2
PT16E,Regiao de Coimbra,PT005L2
PT16F,Regiao de Leiria,no FUA associated
PT16G,Viseu Dao Lafoes,PT014L0
PT16H,Beira Baixa,no FUA associated
PT16I,Medio Tejo,no FUA associated
PT16J,Beiras e Serra da Estrela,no FUA associated
PT170,Area Metropolitana de Lisboa,PT001L2
PT181,Alentejo Litoral,no FUA associated
PT184,Baixo Alentejo,no FUA associated
PT185,Leziria do Tejo,no FUA associated
PT186,Alto Alentejo,no FUA associated
PT187,Alentejo Central,no FUA associated
PT200,Regiao Autonoma dos Acores,PT007L1
PT300,Regiao Autonoma da Madeira,PT004L2
RO111,Bihor,RO006L1
RO112,Bistrita-Nasaud,RO022L1
RO113,Cluj,RO002L1
RO114,Maramures,RO507L1
RO115,Satu Mare,RO509L1
RO116,Salaj,no FUA associated
RO121,Alba,RO014L1
RO122,Brasov,RO504L1
RO123,Covasna,no FUA associated
RO124,Harghita,no FUA associated
RO125,Mures,RO010L1
RO126,Sibiu,RO009L1
RO211,Bacau,RO007L1
RO212,Botosani,RO510L1
RO213,Iasi,RO502L1
RO214,Neamt,RO011L1
RO215,Suceava,RO512L1
RO216,Vaslui,RO020L1
RO221,Braila,RO005L1
RO222,Buzau,RO508L1
RO223,Constanta,RO501L1
RO224,Galati,RO503L1
RO225,Tulcea,RO005L1
RO226,Vrancea,RO015L1
RO311,Arges,RO506L1
RO312,Calarasi,RO012L1
RO313,Dambovita,RO018L1
RO314,Giurgiu,RO013L1
RO315,Ialomita,no FUA associated
RO316,Prahova,RO505L1
RO317,Teleorman,no FUA associated
RO321,Bucuresti,RO001L1
RO322,Ilfov,RO001L1
RO411,Dolj,RO004L1
RO412,Gorj,RO016L1
RO413,Mehedinti,RO513L1
RO414,Olt,RO019L1
RO415,Valcea,RO511L1
RO421,Arad,RO008L1
RO422,Caras-Severin,no FUA associated
RO423,Hunedoara,no FUA associated
RO424,Timis,RO003L1
RS111,Beograd,no FUA associated
RS121,West Backa,no FUA associated
RS122,South Banat,no FUA associated
RS123,South Backa,no FUA associated
RS124,North Banat,no FUA associated
RS125,North Backa,no FUA associated
RS126,Central Banat,no FUA associated
RS127,Srem,no FUA associated
RS211,Zlatibor,no FUA associated
RS212,Kolubara,no FUA associated
RS213,Macva,no FUA associated
RS214,Moravica,no FUA associated
RS215,Pomoravlje,no FUA associated
RS216,Rasina,no FUA associated
RS217,Raska,no FUA associated
RS218,Sumadija,no FUA associated
RS221,Bor,no FUA associated
RS222,Branicevo,no FUA associated
RS223,Zajecar,no FUA associated
RS224,Jablanica,no FUA associated
RS225,Nisava,no FUA associated
RS226,Pirot,no FUA associated
RS227,Podunavlje,no FUA associated
RS228,Pcinja,no FUA associated
RS229,Toplica,no FUA associated
SE110,Stockholms lan,SE001L1
SE121,Uppsala lan,SE006L1
SE122,Sodermanlands lan,no FUA associated
SE123,Ostergotlands lan,SE007L1
SE124,Orebro lan,SE008L1
SE125,Vastmanlands lan,SE501L1
SE211,Jonkopings lan,SE004L1
SE212,Kronobergs lan,no FUA associated
SE213,Kronobergs lan,no FUA associated
SE214,Gotlands lan,no FUA associated
SE221,Blekinge lan,no FUA associated
SE224,Skane lan,SE003L1
SE231,Hallands lan,no FUA associated
SE232,Vastra Gotalands lan,SE002L1
SE311,Varmlands lan,no FUA associated
SE312,Dalarnas lan,no FUA associated
SE313,Gavleborgs lan,no FUA associated
SE321,Vasternorrlands lan,no FUA associated
SE322,Jamtlands lan,no FUA associated
SE331,Vasterbottens lan,SE005L1
SE332,Norrbottens lan,no FUA associated
SI031,Pomurska,no FUA associated
SI032,Podravska,SI002L1
SI033,Koroska,no FUA associated
SI034,Savinjska,no FUA associated
SI035,Zasavska,SI001L1
SI036,Posavska,no FUA associated
SI037,Jugovzhodna Slovenija,no FUA associated
SI038,Primorsko-notranjska,no FUA associated
SI041,Osrednjeslovenska,SI001L1
SI042,Gorenjska,no FUA associated
SI043,Goriska,no FUA associated
SI044,Obalno-kraska,no FUA associated
SK010,Bratislavsky kraj,SK001L1
SK021,Trnavsky kraj,SK007L1
SK022,Trenciansky kraj,SK008L1
SK023,Nitriansky kraj,SK004L1
SK031,Zilinsky kraj,SK006L1
SK032,Banskobystricky kraj,SK003L1
SK041,Presovsky kraj,SK005L1
SK042,Kosicky kraj,SK002L1
TR100,Istanbul,no FUA associated
TR211,Tekirdag,no FUA associated
TR212,Edirne,no FUA associated
TR213,Kirklareli,no FUA associated
TR221,Balikesir,no FUA associated
TR222,Canakkale,no FUA associated
TR310,Izmir,no FUA associated
TR321,Aydin,no FUA associated
TR322,Denizli,no FUA associated
TR323,Mugla,no FUA associated
TR331,Manisa,no FUA associated
TR332,Afyon,no FUA associated
TR333,Kutahya,no FUA associated
TR334,Usak,no FUA associated
TR411,Bursa,no FUA associated
TR412,Eskisehir,no FUA associated
TR413,Bilecik,no FUA associated
TR421,Kocaeli,no FUA associated
TR422,Sakarya,no FUA associated
TR423,Duzce,no FUA associated
TR424,Bolu,no FUA associated
TR425,Yalova,no FUA associated
TR510,Ankara,no FUA associated
TR521,Konya,no FUA associated
TR522,Karaman,no FUA associated
TR611,Antalya,no FUA associated
TR612,Isparta,no FUA associated
TR613,Burdur,no FUA associated
TR621,Adana,no FUA associated
TR622,Icel,no FUA associated
TR631,Hatay,no FUA associated
TR632,Kahramanmaras,no FUA associated
TR633,Osmaniye,no FUA associated
TR711,Kirikkale,no FUA associated
TR712,Aksaray,no FUA associated
TR713,Nigde,no FUA associated
TR714,Nevsehir,no FUA associated
TR715,Kirsehir,no FUA associated
TR721,Kayseri,no FUA associated
TR722,Sivas,no FUA associated
TR723,Yozgat,no FUA associated
TR811,Zonguldak,no FUA associated
TR812,Karabuk,no FUA associated
TR813,Bartin,no FUA associated
TR821,Kastamonu,no FUA associated
TR822,Cankiri,no FUA associated
TR823,Sinop,no FUA associated
TR831,Samsun,no FUA associated
TR832,Tokat,no FUA associated
TR833,Corum,no FUA associated
TR834,Amasya,no FUA associated
TR901,Trabzon,no FUA associated
TR902,Ordu,no FUA associated
TR903,Giresun,no FUA associated
TR904,Rize,no FUA associated
TR905,Artvin,no FUA associated
TR906,Gumushane,no FUA associated
TRA11,Erzurum,no FUA associated
TRA12,Erzincan,no FUA associated
TRA13,Bayburt,no FUA associated
TRA21,Agri,no FUA associated
TRA22,Kars,no FUA associated
TRA23,Igdir,no FUA associated
TRA24,Ardahan,no FUA associated
TRB11,Malatya,no FUA associated
TRB12,Elazig,no FUA associated
TRB13,Bingol,no FUA associated
TRB14,Tunceli,no FUA associated
TRB21,Van,no FUA associated
TRB22,Mus,no FUA associated
TRB23,Bitlis,no FUA associated
TRB24,Hakkari,no FUA associated
TRC11,Gaziantep,no FUA associated
TRC12,Adiyaman,no FUA associated
TRC13,Kilis,no FUA associated
TRC21,Sanliurfa,no FUA associated
TRC22,Diyarbakir,no FUA associated
TRC31,Mardin,no FUA associated
TRC32,Batman,no FUA associated
TRC33,Sirnak,no FUA associated
TRC34,Siirt,no FUA associated
UKC11,Hartlepool and Stockton-On-Tees,UK053L0
UKC12,South Teesside,UK559L1
UKC13,Darlington,UK044L0
UKC14,Durham CC,no FUA associated
UKC21,Northumberland,UK013L2
UKC22,Tyneside,UK013L2
UKC23,Sunderland,UK510L0
UKD11,West Cumbria,no FUA associated
UKD12,East Cumbria,UK575L0
UKD33,Manchester,UK008L2
UKD34,Greater Manchester South West,UK008L2
UKD35,Greater Manchester South East,UK008L2
UKD36,Greater Manchester North West,UK008L2
UKD37,Greater Manchester North East,UK008L2
UKD41,Blackburn with Darwen,UK557L1
UKD42,Blackpool,UK553L1
UKD44,Lancaster & Wyre,UK553L1
UKD45,Mid Lancashire,UK553L1
UKD46,East Lancashire,UK050L1
UKD47,Chorley & West Lancashire,UK562L1
UKD61,Warrington,UK531L0
UKD62,Cheshire East,no FUA associated
UKD63,Cheshire West and Chester,UK568L1
UKD71,East Merseyside,UK006L2
UKD72,Liverpool,UK006L2
UKD73,Sefton,UK006L2
UKD74,Wirral,UK006L2
UKE11,"Kingston Upon Hull, City Of",UK026L1
UKE12,East Riding of Yorkshire,UK026L1
UKE13,North and North East Lincolnshire,UK543L0
UKE21,York,UK533L0
UKE22,North Yorkshire CC,UK003L1
UKE31,"Barnsley, Doncaster and Rotherham",UK010L2
UKE32,Sheffield,UK010L2
UKE41,Bradford,UK005L0
UKE42,Leeds,UK003L1
UKE44,Calderdale and Kirklees,UK501L0
UKE45,Wakefield,UK003L1
UKF11,Derby,UK518L1
UKF12,East Derbyshire,UK010L2
UKF13,South and West Derbyshire,UK008L2
UKF14,Nottingham,UK029L1
UKF15,North Nottinghamshire,UK046L0
UKF16,South Nottinghamshire,UK029L1
UKF21,Leicester,UK014L1
UKF22,Leicestershire CC and Rutland,UK014L1
UKF24,West Northamptonshire,UK528L0
UKF25,North Northamptonshire,no FUA associated
UKF30,Lincolnshire,UK019L2
UKG11,"Herefordshire, County Of",no FUA associated
UKG12,Worcestershire,UK024L0
UKG13,Warwickshire,UK025L2
UKG21,Telford and Wrekin,UK542L0
UKG22,Shropshire CC,no FUA associated
UKG23,Stoke-on-Trent,UK027L1
UKG24,Staffordshire CC,UK002L2
UKG31,Birmingham,UK002L2
UKG32,Solihull,UK002L2
UKG33,Coventry,UK025L2
UKG36,Dudley,UK002L2
UKG37,Sandwell,UK002L2
UKG38,Walsall,UK002L2
UKG39,Wolverhampton,UK002L2
UKH11,Peterborough,UK545L0
UKH12,Cambridgeshire CC,UK017L1
UKH14,Suffolk,UK038L0
UKH15,Norwich and East Norfolk,UK051L0
UKH16,North & West Norfolk,no FUA associated
UKH17,Breckland & South Norfolk,UK566L1
UKH21,Luton,UK532L0
UKH23,Hertfordshire,UK001L2
UKH24,Bedford,UK549L0
UKH25,Central Bedfordshire,UK532L0
UKH31,Southend-On-Sea,UK001L2
UKH32,Thurrock,UK001L2
UKH34,Essex Haven Gateway,UK001L2
UKH35,West Essex,UK001L2
UKH36,Heart of Essex,UK001L2
UKH37,Essex Thames Gateway,UK001L2
UKI31,Camden & City of London,UK001L2
UKI32,Westminster,UK001L2
UKI33,Kensington and Chelsea & Hammersmith and Fulham,UK001L2
UKI34,Wandsworth,UK001L2
UKI41,Hackney & Newham,UK001L2
UKI42,Tower Hamlets,UK001L2
UKI43,Haringey & Islington,UK001L2
UKI44,Lewisham & Southwark,UK001L2
UKI45,Lambeth,UK001L2
UKI51,Bexley & Greenwich,UK001L2
UKI52,Barking and Dagenham & Havering,UK001L2
UKI53,Redbridge & Waltham Forest,UK001L2
UKI54,Enfield,UK001L2
UKI61,Bromley,UK001L2
UKI62,Croydon,UK001L2
UKI63,"Merton, Kingston Upon Thames & Sutton",UK001L2
UKI71,Barnet,UK001L2
UKI72,Brent,UK001L2
UKI73,Ealing,UK001L2
UKI74,Harrow & Hillingdon,UK001L2
UKI75,Hounslow and Richmond upon Thames,UK001L2
UKJ11,Berkshire,UK552L0
UKJ12,Milton Keynes,UK525L0
UKJ13,Buckinghamshire CC,UK540L0
UKJ14,Oxfordshire,UK560L0
UKJ21,Brighton and Hove,UK515L1
UKJ22,East Sussex CC,UK055L0
UKJ25,West Surrey,UK001L2
UKJ26,East Surrey,UK001L2
UKJ27,West Sussex (South West),UK045L0
UKJ28,West Sussex (North East),UK576L0
UKJ31,Portsmouth,UK023L1
UKJ32,Southampton,UK520L1
UKJ34,Isle of Wight,no FUA associated
UKJ35,South Hampshire,UK023L1
UKJ36,Central Hampshire,no FUA associated
UKJ37,North Hampshire,UK548L0
UKJ41,Medway,UK513L0
UKJ43,Kent Thames Gateway,UK001L2
UKJ44,East Kent,UK034L0
UKJ45,Mid Kent,UK041L0
UKJ46,West Kent,UK001L2
UKK11,"Bristol, City Of",UK011L2
UKK12,"Bath and North East Somerset, North Somerset and South Gloucestershire",UK011L2
UKK13,Gloucestershire,UK571L1
UKK14,Swindon,UK535L0
UKK15,Wiltshire CC,no FUA associated
UKK21,Bournemouth and Poole,UK539L1
UKK22,Dorset CC,UK539L1
UKK23,Somerset,no FUA associated
UKK30,Cornwall and Isles of Scilly,no FUA associated
UKK41,Plymouth,UK516L0
UKK42,Torbay,UK561L0
UKK43,Devon CC,UK018L2
UKL11,Isle of Anglesey,no FUA associated
UKL12,Gwynedd,no FUA associated
UKL13,Conwy and Denbighshire,no FUA associated
UKL14,South West Wales,no FUA associated
UKL15,Central Valleys,UK009L1
UKL16,Gwent Valleys,UK009L1
UKL17,Bridgend and Neath Port Talbot,UK517L1
UKL18,Swansea,UK517L1
UKL21,Monmouthshire and Newport,UK558L1
UKL22,Cardiff and Vale of Glamorgan,UK009L1
UKL23,Flintshire and Wrexham,UK022L0
UKL24,Powys,no FUA associated
UKM21,Angus and Dundee City,UK550L0
UKM22,Clackmannanshire and Fife,no FUA associated
UKM23,East Lothian and Midlothian,UK007L1
UKM24,Scottish Borders,no FUA associated
UKM25,"Edinburgh, City Of",UK007L1
UKM26,Falkirk,UK551L0
UKM27,Perth & Kinross and Stirling,no FUA associated
UKM28,West Lothian,UK007L1
UKM31,"East Dunbartonshire, West Dunbartonshire and Helensburgh & Lomond",UK004L1
UKM32,Dumfries & Galloway,no FUA associated
UKM33,East Ayrshire and North Ayrshire mainland,no FUA associated
UKM34,Glasgow City,UK004L1
UKM35,"Inverclyde, East Renfrewshire and Renfrewshire",UK004L1
UKM36,North Lanarkshire,UK004L1
UKM37,South Ayrshire,no FUA associated
UKM38,South Lanarkshire,UK004L1
UKM50,Aberdeen City and Aberdeenshire,UK016L1
UKM61,Caithness & Sutherland and Ross & Cromarty,no FUA associated
UKM62,"Inverness & Nairn and Moray, Badenoch & Strathspey",no FUA associated
UKM63,"Lochaber, Skye & Lochalsh, Arran & Cumbrae and Argyll & Bute",no FUA associated
UKM64,Eilean Siar (Western Isles),no FUA associated
UKM65,Orkney Islands,no FUA associated
UKM66,Shetland Islands,no FUA associated
UKN01,Belfast,UK012L1
UKN02,Outer Belfast,UK012L1
UKN03,East of Northern Ireland,no FUA associated
UKN04,North of Northern Ireland,UK015L0
UKN05,West and South of Northern Ireland,no FUA associated
XK001,Gjakovn / oakovica,no FUA associated
XK002,Gnjilan / Gnjilane,no FUA associated
XK003,Mitrovic/ / Kosovska Mitrovica,no FUA associated
XK004,Pej0 / Pec,no FUA associated
XK005,Pej0 / Pec,no FUA associated
XK006,Prizren / Prizren,no FUA associated
XK007,Ferizaj / Urozevac,no FUA associated