CODE,REGION,COUNT
BE100,Arr. de Bruxelles-Capitale/Arr. Brussel-Hoofdstad,33
BE211,Arr. Antwerpen,11
BE212,Arr. Mechelen,4
BE213,Arr. Turnhout,7
BE223,Arr. Tongeren,2
BE224,Arr. Hasselt,5
BE225,Arr. Maaseik,5
BE231,Arr. Aalst,2
BE232,Arr. Dendermonde,3
BE233,Arr. Eeklo,1
BE234,Arr. Gent,5
BE235,Arr. Oudenaarde,1
BE236,Arr. Sint-Niklaas,1
BE241,Arr. Halle-Vilvoorde,8
BE242,Arr. Leuven,2
BE251,Arr. Brugge,3
BE252,Arr. Diksmuide,0
BE253,Arr. Ieper,1
BE254,Arr. Kortrijk,4
BE255,Arr. Oostende,3
BE256,Arr. Roeselare,2
BE257,Arr. Tielt,1
BE258,Arr. Veurne,1
BE310,Arr. Nivelles,3
BE323,Arr. Mons,7
BE328,Arr. Tournai-Mouscron,4
BE329,Arr. La Louvière,4
BE32A,Arr. Ath,2
BE32B,Arr. Charleroi,10
BE32C,Arr. Soignies,1
BE32D,Arr. Thuin,2
BE331,Arr. Huy,3
BE332,Arr. Liège,26
BE334,Arr. Waremme,0
BE335,Arr. Verviers — communes francophones,4
BE336,Bezirk Verviers — Deutschsprachige Gemeinschaft,2
BE341,Arr. Arlon,1
BE342,Arr. Bastogne,1
BE343,Arr. Marche-en-Famenne,2
BE344,Arr. Neufchâteau,1
BE345,Arr. Virton,0
BE351,Arr. Dinant,3
BE352,Arr. Namur,10
BE353,Arr. Philippeville,1
BEZZZ,Extra-Regio NUTS 3,:
BG311,Vidin,1
BG312,Montana,2
BG313,Vratsa,3
BG314,Pleven,4
BG315,Lovech,3
BG321,Veliko Tarnovo,5
BG322,Gabrovo,1
BG323,Ruse,5
BG324,Razgrad,2
BG325,Silistra,1
BG331,Varna,4
BG332,Dobrich,2
BG333,Shumen,3
BG334,Targovishte,2
BG341,Burgas,5
BG342,Sliven,5
BG343,Yambol,1
BG344,Stara Zagora,1
BG411,Sofia (stolitsa),11
BG412,Sofia,7
BG413,Blagoevgrad,3
BG414,Pernik,1
BG415,Kyustendil,4
BG421,Plovdiv,6
BG422,Haskovo,3
BG423,Pazardzhik,4
BG424,Smolyan,1
BG425,Kardzhali,1
CZ010,Hlavní město Praha,17
CZ020,Středočeský kraj,17
CZ031,Jihočeský kraj,7
CZ032,Plzeňský kraj,6
CZ041,Karlovarský kraj,3
CZ042,Ústecký kraj,11
CZ051,Liberecký kraj,2
CZ052,Královéhradecký kraj,4
CZ053,Pardubický kraj,5
CZ063,Kraj Vysočina,3
CZ064,Jihomoravský kraj,16
CZ071,Olomoucký kraj,11
CZ072,Zlínský kraj,7
CZ080,Moravskoslezský kraj,7
DK011,Byen København,8
DK012,Københavns omegn,4
DK013,Nordsjælland,3
DK014,Bornholm,1
DK021,Østsjælland,1
DK022,Vest- og Sydsjælland,8
DK031,Fyn,7
DK032,Sydjylland,5
DK041,Vestjylland,4
DK042,Østjylland,7
DK050,Nordjylland,5
DKZZZ,Extra-Regio NUTS 3,1
DE111,"Stuttgart, Stadtkreis",7
DE112,Böblingen,3
DE113,Esslingen,1
DE114,Göppingen,0
DE115,Ludwigsburg,1
DE116,Rems-Murr-Kreis,5
DE117,"Heilbronn, Stadtkreis",2
DE118,"Heilbronn, Landkreis",1
DE119,Hohenlohekreis,5
DE11A,Schwäbisch Hall,1
DE11B,Main-Tauber-Kreis,1
DE11C,Heidenheim,2
DE11D,Ostalbkreis,2
DE121,"Baden-Baden, Stadtkreis",0
DE122,"Karlsruhe, Stadtkreis",1
DE123,"Karlsruhe, Landkreis",2
DE124,Rastatt,1
DE125,"Heidelberg, Stadtkreis",2
DE126,"Mannheim, Stadtkreis",4
DE127,Neckar-Odenwald-Kreis,1
DE128,Rhein-Neckar-Kreis,2
DE129,"Pforzheim, Stadtkreis",3
DE12A,Calw,2
DE12B,Enzkreis,2
DE12C,Freudenstadt,1
DE131,"Freiburg im Breisgau, Stadtkreis",2
DE132,Breisgau-Hochschwarzwald,0
DE133,Emmendingen,1
DE134,Ortenaukreis,6
DE135,Rottweil,1
DE136,Schwarzwald-Baar-Kreis,0
DE137,Tuttlingen,0
DE138,Konstanz,3
DE139,Lörrach,0
DE13A,Waldshut,0
DE141,Reutlingen,2
DE142,"Tübingen, Landkreis",2
DE143,Zollernalbkreis,3
DE144,"Ulm, Stadtkreis",1
DE145,Alb-Donau-Kreis,2
DE146,Biberach,0
DE147,Bodenseekreis,0
DE148,Ravensburg,1
DE149,Sigmaringen,2
DE211,"Ingolstadt, Kreisfreie Stadt",1
DE212,"München, Kreisfreie Stadt",14
DE213,"Rosenheim, Kreisfreie Stadt",0
DE214,Altötting,0
DE215,Berchtesgadener Land,0
DE216,Bad Tölz-Wolfratshausen,0
DE217,Dachau,2
DE218,Ebersberg,1
DE219,Eichstätt,1
DE21A,Erding,2
DE21B,Freising,0
DE21C,Fürstenfeldbruck,2
DE21D,Garmisch-Partenkirchen,0
DE21E,Landsberg am Lech,1
DE21F,Miesbach,0
DE21G,Mühldorf a. Inn,1
DE21H,"München, Landkreis",3
DE21I,Neuburg-Schrobenhausen,0
DE21J,Pfaffenhofen a. d. Ilm,2
DE21K,"Rosenheim, Landkreis",1
DE21L,Starnberg,0
DE21M,Traunstein,3
DE21N,Weilheim-Schongau,0
DE221,"Landshut, Kreisfreie Stadt",1
DE222,"Passau, Kreisfreie Stadt",0
DE223,"Straubing, Kreisfreie Stadt",0
DE224,Deggendorf,0
DE225,Freyung-Grafenau,0
DE226,Kelheim,1
DE227,"Landshut, Landkreis",2
DE228,"Passau, Landkreis",0
DE229,Regen,1
DE22A,Rottal-Inn,1
DE22B,Straubing-Bogen,1
DE22C,Dingolfing-Landau,2
DE231,"Amberg, Kreisfreie Stadt",0
DE232,"Regensburg, Kreisfreie Stadt",2
DE233,"Weiden i. d. Opf, Kreisfreie Stadt",0
DE234,Amberg-Sulzbach,0
DE235,Cham,0
DE236,Neumarkt i. d. OPf.,2
DE237,Neustadt a. d. Waldnaab,1
DE238,"Regensburg, Landkreis",1
DE239,Schwandorf,2
DE23A,Tirschenreuth,0
DE241,"Bamberg, Kreisfreie Stadt",0
DE242,"Bayreuth, Kreisfreie Stadt",2
DE243,"Coburg, Kreisfreie Stadt",1
DE244,"Hof, Kreisfreie Stadt",0
DE245,"Bamberg, Landkreis",1
DE246,"Bayreuth, Landkreis",1
DE247,"Coburg, Landkreis",0
DE248,Forchheim,0
DE249,"Hof, Landkreis",0
DE24A,Kronach,0
DE24B,Kulmbach,0
DE24C,Lichtenfels,2
DE24D,Wunsiedel i. Fichtelgebirge,1
DE251,"Ansbach, Kreisfreie Stadt",0
DE252,"Erlangen, Kreisfreie Stadt",1
DE253,"Fürth, Kreisfreie Stadt",0
DE254,"Nürnberg, Kreisfreie Stadt",4
DE255,"Schwabach, Kreisfreie Stadt",1
DE256,"Ansbach, Landkreis",1
DE257,Erlangen-Höchstadt,1
DE258,"Fürth, Landkreis",0
DE259,Nürnberger Land,2
DE25A,Neustadt a. d. Aisch-Bad Windsheim,1
DE25B,Roth,2
DE25C,Weißenburg-Gunzenhausen,4
DE261,"Aschaffenburg, Kreisfreie Stadt",0
DE262,"Schweinfurt, Kreisfreie Stadt",0
DE263,"Würzburg, Kreisfreie Stadt",2
DE264,"Aschaffenburg, Landkreis",0
DE265,Bad Kissingen,0
DE266,Rhön-Grabfeld,0
DE267,Haßberge,0
DE268,Kitzingen,1
DE269,Miltenberg,0
DE26A,Main-Spessart,2
DE26B,"Schweinfurt, Landkreis",0
DE26C,"Würzburg, Landkreis",0
DE271,"Augsburg, Kreisfreie Stadt",2
DE272,"Kaufbeuren, Kreisfreie Stadt",1
DE273,"Kempten (Allgäu), Kreisfreie Stadt",1
DE274,"Memmingen, Kreisfreie Stadt",0
DE275,Aichach-Friedberg,0
DE276,"Augsburg, Landkreis",2
DE277,Dillingen a.d. Donau,0
DE278,Günzburg,2
DE279,Neu-Ulm,1
DE27A,Lindau (Bodensee),2
DE27B,Ostallgäu,0
DE27C,Unterallgäu,0
DE27D,Donau-Ries,0
DE27E,Oberallgäu,0
DE300,Berlin,36
DE401,"Brandenburg an der Havel, Kreisfreie Stadt",0
DE402,"Cottbus, Kreisfreie Stadt",0
DE403,"Frankfurt (Oder), Kreisfreie Stadt",0
DE404,"Potsdam, Kreisfreie Stadt",2
DE405,Barnim,1
DE406,Dahme-Spreewald,0
DE407,Elbe-Elster,0
DE408,Havelland,0
DE409,Märkisch-Oderland,0
DE40A,Oberhavel,0
DE40B,Oberspreewald-Lausitz,1
DE40C,Oder-Spree,2
DE40D,Ostprignitz-Ruppin,3
DE40E,Potsdam-Mittelmark,0
DE40F,Prignitz,1
DE40G,Spree-Neiße,1
DE40H,Teltow-Fläming,0
DE40I,Uckermark,1
DE501,"Bremen, Kreisfreie Stadt",7
DE502,"Bremerhaven, Kreisfreie Stadt",0
DE600,Hamburg,22
DE711,"Darmstadt, Kreisfreie Stadt",4
DE712,"Frankfurt am Main, Kreisfreie Stadt",5
DE713,"Offenbach am Main, Kreisfreie Stadt",2
DE714,"Wiesbaden, Kreisfreie Stadt",1
DE715,Bergstraße,1
DE716,Darmstadt-Dieburg,3
DE717,Groß-Gerau,1
DE718,Hochtaunuskreis,2
DE719,Main-Kinzig-Kreis,5
DE71A,Main-Taunus-Kreis,4
DE71B,Odenwaldkreis,0
DE71C,"Offenbach, Landkreis",2
DE71D,Rheingau-Taunus-Kreis,0
DE71E,Wetteraukreis,4
DE721,"Gießen, Landkreis",3
DE722,Lahn-Dill-Kreis,0
DE723,Limburg-Weilburg,4
DE724,Marburg-Biedenkopf,5
DE725,Vogelsbergkreis,0
DE731,"Kassel, Kreisfreie Stadt",4
DE732,Fulda,2
DE733,Hersfeld-Rotenburg,5
DE734,"Kassel, Landkreis",0
DE735,Schwalm-Eder-Kreis,3
DE736,Waldeck-Frankenberg,2
DE737,Werra-Meißner-Kreis,1
DE803,"Rostock, Kreisfreie Stadt",3
DE804,"Schwerin, Kreisfreie Stadt",2
DE80J,Mecklenburgische Seenplatte,2
DE80K,Landkreis Rostock,2
DE80L,Vorpommern-Rügen,3
DE80M,Nordwestmecklenburg,0
DE80N,Vorpommern-Greifswald,0
DE80O,Ludwigslust-Parchim,0
DE911,"Braunschweig, Kreisfreie Stadt",0
DE912,"Salzgitter, Kreisfreie Stadt",0
DE913,"Wolfsburg, Kreisfreie Stadt",1
DE914,Gifhorn,0
DE916,Goslar,0
DE917,Helmstedt,1
DE918,Northeim,1
DE91A,Peine,0
DE91B,Wolfenbüttel,1
DE91C,Göttingen,5
DE922,Diepholz,0
DE923,Hameln-Pyrmont,0
DE925,Hildesheim,4
DE926,Holzminden,1
DE927,Nienburg (Weser),0
DE928,Schaumburg,2
DE929,Region Hannover,11
DE931,Celle,2
DE932,Cuxhaven,2
DE933,Harburg,4
DE934,Lüchow-Dannenberg,0
DE935,"Lüneburg, Landkreis",0
DE936,Osterholz,2
DE937,Rotenburg (Wümme),0
DE938,Heidekreis,0
DE939,Stade,2
DE93A,Uelzen,0
DE93B,Verden,0
DE941,"Delmenhorst, Kreisfreie Stadt",5
DE942,"Emden, Kreisfreie Stadt",0
DE943,"Oldenburg (Oldenburg), Kreisfreie Stadt",6
DE944,"Osnabrück, Kreisfreie Stadt",4
DE945,"Wilhelmshaven, Kreisfreie Stadt",1
DE946,Ammerland,0
DE947,Aurich,2
DE948,Cloppenburg,1
DE949,Emsland,4
DE94A,Friesland (DE),1
DE94B,Grafschaft Bentheim,2
DE94C,Leer,1
DE94D,"Oldenburg, Landkreis",0
DE94E,"Osnabrück, Landkreis",4
DE94F,Vechta,0
DE94G,Wesermarsch,2
DE94H,Wittmund,0
DEA11,"Düsseldorf, Kreisfreie Stadt",4
DEA12,"Duisburg, Kreisfreie Stadt",3
DEA13,"Essen, Kreisfreie Stadt",11
DEA14,"Krefeld, Kreisfreie Stadt",0
DEA15,"Mönchengladbach, Kreisfreie Stadt",1
DEA16,"Mülheim an der Ruhr, Kreisfreie Stadt",1
DEA17,"Oberhausen, Kreisfreie Stadt",3
DEA18,"Remscheid, Kreisfreie Stadt",0
DEA19,"Solingen, Kreisfreie Stadt",1
DEA1A,"Wuppertal, Kreisfreie Stadt",4
DEA1B,Kleve,0
DEA1C,Mettmann,1
DEA1D,Rhein-Kreis Neuss,0
DEA1E,Viersen,4
DEA1F,Wesel,2
DEA22,"Bonn, Kreisfreie Stadt",1
DEA23,"Köln, Kreisfreie Stadt",6
DEA24,"Leverkusen, Kreisfreie Stadt",0
DEA26,Düren,0
DEA27,Rhein-Erft-Kreis,3
DEA28,Euskirchen,0
DEA29,Heinsberg,1
DEA2A,Oberbergischer Kreis,3
DEA2B,Rheinisch-Bergischer Kreis,3
DEA2C,Rhein-Sieg-Kreis,1
DEA2D,Städteregion Aachen,6
DEA31,"Bottrop, Kreisfreie Stadt",0
DEA32,"Gelsenkirchen, Kreisfreie Stadt",1
DEA33,"Münster, Kreisfreie Stadt",2
DEA34,Borken,3
DEA35,Coesfeld,0
DEA36,Recklinghausen,1
DEA37,Steinfurt,1
DEA38,Warendorf,2
DEA41,"Bielefeld, Kreisfreie Stadt",2
DEA42,Gütersloh,2
DEA43,Herford,0
DEA44,Höxter,0
DEA45,Lippe,1
DEA46,Minden-Lübbecke,5
DEA47,Paderborn,0
DEA51,"Bochum, Kreisfreie Stadt",5
DEA52,"Dortmund, Kreisfreie Stadt",4
DEA53,"Hagen, Kreisfreie Stadt",1
DEA54,"Hamm, Kreisfreie Stadt",2
DEA55,"Herne, Kreisfreie Stadt",0
DEA56,Ennepe-Ruhr-Kreis,1
DEA57,Hochsauerlandkreis,3
DEA58,Märkischer Kreis,2
DEA59,Olpe,1
DEA5A,Siegen-Wittgenstein,0
DEA5B,Soest,0
DEA5C,Unna,0
DEB11,"Koblenz, Kreisfreie Stadt",2
DEB12,Ahrweiler,1
DEB13,Altenkirchen (Westerwald),2
DEB14,Bad Kreuznach,0
DEB15,Birkenfeld,0
DEB17,Mayen-Koblenz,1
DEB18,Neuwied,0
DEB1A,Rhein-Lahn-Kreis,1
DEB1B,Westerwaldkreis,3
DEB1C,Cochem-Zell,1
DEB1D,Rhein-Hunsrück-Kreis,0
DEB21,"Trier, Kreisfreie Stadt",0
DEB22,Bernkastel-Wittlich,1
DEB23,Eifelkreis Bitburg-Prüm,0
DEB24,Vulkaneifel,0
DEB25,Trier-Saarburg,0
DEB31,"Frankenthal (Pfalz), Kreisfreie Stadt",0
DEB32,"Kaiserslautern, Kreisfreie Stadt",3
DEB33,"Landau in der Pfalz, Kreisfreie Stadt",0
DEB34,"Ludwigshafen am Rhein, Kreisfreie Stadt",0
DEB35,"Mainz, Kreisfreie Stadt",1
DEB36,"Neustadt an der Weinstraße, Kreisfreie Stadt",1
DEB37,"Pirmasens, Kreisfreie Stadt",0
DEB38,"Speyer, Kreisfreie Stadt",0
DEB39,"Worms, Kreisfreie Stadt",0
DEB3A,"Zweibrücken, Kreisfreie Stadt",0
DEB3B,Alzey-Worms,1
DEB3C,Bad Dürkheim,2
DEB3D,Donnersbergkreis,0
DEB3E,Germersheim,1
DEB3F,"Kaiserslautern, Landkreis",1
DEB3G,Kusel,0
DEB3H,Südliche Weinstraße,1
DEB3I,Rhein-Pfalz-Kreis,0
DEB3J,Mainz-Bingen,0
DEB3K,Südwestpfalz,1
DEC01,Regionalverband Saarbrücken,5
DEC02,Merzig-Wadern,2
DEC03,Neunkirchen,3
DEC04,Saarlouis,1
DEC05,Saarpfalz-Kreis,1
DEC06,St. Wendel,0
DED21,"Dresden, Kreisfreie Stadt",5
DED2C,Bautzen,3
DED2D,Görlitz,1
DED2E,Meißen,1
DED2F,Sächsische Schweiz-Osterzgebirge,0
DED41,"Chemnitz, Kreisfreie Stadt",3
DED42,Erzgebirgskreis,2
DED43,Mittelsachsen,1
DED44,Vogtlandkreis,0
DED45,Zwickau,2
DED51,"Leipzig, Kreisfreie Stadt",7
DED52,Leipzig,0
DED53,Nordsachsen,0
DEE01,"Dessau-Roßlau, Kreisfreie Stadt",1
DEE02,"Halle (Saale), Kreisfreie Stadt",6
DEE03,"Magdeburg, Kreisfreie Stadt",7
DEE04,Altmarkkreis Salzwedel,1
DEE05,Anhalt-Bitterfeld,2
DEE06,Jerichower Land,2
DEE07,Börde,2
DEE08,Burgenlandkreis,1
DEE09,Harz,2
DEE0A,Mansfeld-Südharz,3
DEE0B,Saalekreis,1
DEE0C,Salzlandkreis,7
DEE0D,Stendal,1
DEE0E,Wittenberg,2
DEF01,"Flensburg, Kreisfreie Stadt",1
DEF02,"Kiel, Kreisfreie Stadt",3
DEF03,"Lübeck, Kreisfreie Stadt",3
DEF04,"Neumünster, Kreisfreie Stadt",3
DEF05,Dithmarschen,2
DEF06,Herzogtum Lauenburg,1
DEF07,Nordfriesland,2
DEF08,Ostholstein,4
DEF09,Pinneberg,1
DEF0A,Plön,0
DEF0B,Rendsburg-Eckernförde,2
DEF0C,Schleswig-Flensburg,2
DEF0D,Segeberg,1
DEF0E,Steinburg,1
DEF0F,Stormarn,1
DEG01,"Erfurt, Kreisfreie Stadt",3
DEG02,"Gera, Kreisfreie Stadt",2
DEG03,"Jena, Kreisfreie Stadt",1
DEG04,"Suhl, Kreisfreie Stadt (NUTS 2021)",0
DEG05,"Weimar, Kreisfreie Stadt",0
DEG06,Eichsfeld,0
DEG07,Nordhausen,0
DEG09,Unstrut-Hainich-Kreis,2
DEG0A,Kyffhäuserkreis,0
DEG0B,Schmalkalden-Meiningen (NUTS 2021),0
DEG0C,Gotha,0
DEG0D,Sömmerda,0
DEG0E,Hildburghausen,0
DEG0F,Ilm-Kreis (NUTS 2021),3
DEG0G,Weimarer Land,0
DEG0H,Sonneberg (NUTS 2021),0
DEG0I,Saalfeld-Rudolstadt (NUTS 2021),0
DEG0J,Saale-Holzland-Kreis,0
DEG0K,Saale-Orla-Kreis,0
DEG0L,Greiz,1
DEG0M,Altenburger Land,0
DEG0N,"Eisenach, Kreisfreie Stadt (NUTS 2021)",0
DEG0P,Wartburgkreis (NUTS 2021),1
DEZZZ,Extra-Regio NUTS 3,1
EE001,Põhja-Eesti,7
EE004,Lääne-Eesti,4
EE008,Lõuna-Eesti,4
EE009,Kesk-Eesti,2
EE00A,Kirde-Eesti,8
EEZZZ,Extra-Regio NUTS 3,0
IE041,Border,3
IE042,West,1
IE051,Mid-West,3
IE052,South-East,3
IE053,South-West,5
IE061,Dublin,15
IE062,Mid-East,9
IE063,Midland,0
EL300,Attiki (NUTS 2010),44
EL411,"Lesvos, Limnos",1
EL412,"Ikaria, Samos",0
EL413,Chios,0
EL421,"Kalymnos, Karpathos – Iroiki Nisos Kasos, Kos, Rodos",0
EL422,"Andros, Thira, Kea, Milos, Mykonos, Naxos, Paros, Syros, Tinos",1
EL431,Irakleio,3
EL432,Lasithi,0
EL433,Rethymni,2
EL434,Chania,1
EL511,Evros,2
EL512,Xanthi,1
EL513,Rodopi,0
EL514,Drama,0
EL515,"Thasos, Kavala",3
EL521,Imathia,0
EL522,Thessaloniki,6
EL523,Kilkis,1
EL524,Pella,1
EL525,Pieria,0
EL526,Serres,1
EL527,Chalkidiki,0
EL531,"Grevena, Kozani",0
EL532,Kastoria,0
EL533,Florina,0
EL541,"Arta, Preveza",1
EL542,Thesprotia,1
EL543,Ioannina,1
EL611,"Karditsa, Trikala",2
EL612,Larisa,0
EL613,"Magnisia, Sporades",1
EL621,Zakynthos,1
EL622,Kerkyra,3
EL623,"Ithaki, Kefallinia",1
EL624,Lefkada,0
EL631,Aitoloakarnania,0
EL632,Achaia,4
EL633,Ileia,0
EL641,Voiotia,0
EL642,Evvoia,1
EL643,Evrytania,0
EL644,Fthiotida,2
EL645,Fokida,1
EL651,"Argolida, Arkadia",2
EL652,Korinthia,2
EL653,"Lakonia, Messinia",4
ES111,A Coruña,4
ES112,Lugo,1
ES113,Ourense,2
ES114,Pontevedra,1
ES120,Asturias,7
ES130,Cantabria,2
ES211,Araba/Álava,2
ES212,Gipuzkoa,0
ES213,Bizkaia,4
ES220,Navarra,10
ES230,La Rioja,1
ES241,Huesca,2
ES242,Teruel,0
ES243,Zaragoza,7
ES300,Madrid,36
ES411,Ávila,1
ES412,Burgos,3
ES413,León,1
ES414,Palencia,0
ES415,Salamanca,0
ES416,Segovia,0
ES417,Soria,0
ES418,Valladolid,5
ES419,Zamora,1
ES421,Albacete,3
ES422,Ciudad Real,0
ES423,Cuenca,1
ES424,Guadalajara,1
ES425,Toledo,3
ES431,Badajoz,3
ES432,Cáceres,1
ES511,Barcelona,28
ES512,Girona,7
ES513,Lleida,2
ES514,Tarragona,8
ES521,Alicante/Alacant,14
ES522,Castellón/Castelló,6
ES523,Valencia/València,5
ES531,Eivissa y Formentera,3
ES532,Mallorca,5
ES533,Menorca,0
ES611,Almería,9
ES612,Cádiz,6
ES613,Córdoba,4
ES614,Granada,15
ES615,Huelva,2
ES616,Jaén,4
ES617,Málaga,21
ES618,Sevilla,11
ES620,Murcia,11
ES630,Ceuta,1
ES640,Melilla,0
ES703,El Hierro,0
ES704,Fuerteventura,3
ES705,Gran Canaria,8
ES706,La Gomera,0
ES707,La Palma,0
ES708,Lanzarote,0
ES709,Tenerife,14
ESZZZ,Extra-Regio NUTS 3,:
FR101,Paris,28
FR102,Seine-et-Marne,4
FR103,Yvelines,9
FR104,Essonne,9
FR105,Hauts-de-Seine,14
FR106,Seine-Saint-Denis,20
FR107,Val-de-Marne,8
FR108,Val-d'Oise,6
FRB01,Cher,0
FRB02,Eure-et-Loir,3
FRB03,Indre,1
FRB04,Indre-et-Loire,5
FRB05,Loir-et-Cher,3
FRB06,Loiret,5
FRC11,Côte-d’Or,5
FRC12,Nièvre,2
FRC13,Saône-et-Loire,4
FRC14,Yonne,4
FRC21,Doubs,1
FRC22,Jura,3
FRC23,Haute-Saône,1
FRC24,Territoire de Belfort,5
FRD11,Calvados,2
FRD12,Manche,3
FRD13,Orne,2
FRD21,Eure,2
FRD22,Seine-Maritime,10
FRE11,Nord,33
FRE12,Pas-de-Calais,17
FRE21,Aisne,9
FRE22,Oise,6
FRE23,Somme,8
FRF11,Bas-Rhin,6
FRF12,Haut-Rhin,6
FRF21,Ardennes,0
FRF22,Aube,3
FRF23,Marne,3
FRF24,Haute-Marne,1
FRF31,Meurthe-et-Moselle,8
FRF32,Meuse,1
FRF33,Moselle,10
FRF34,Vosges,1
FRG01,Loire-Atlantique,15
FRG02,Maine-et-Loire,4
FRG03,Mayenne,2
FRG04,Sarthe,3
FRG05,Vendée,3
FRH01,Côtes-d’Armor,5
FRH02,Finistère,9
FRH03,Ille-et-Vilaine,4
FRH04,Morbihan,1
FRI11,Dordogne,5
FRI12,Gironde,15
FRI13,Landes,0
FRI14,Lot-et-Garonne,1
FRI15,Pyrénées-Atlantiques,5
FRI21,Corrèze,1
FRI22,Creuse,1
FRI23,Haute-Vienne,1
FRI31,Charente,2
FRI32,Charente-Maritime,6
FRI33,Deux-Sèvres,2
FRI34,Vienne,2
FRJ11,Aude,7
FRJ12,Gard,10
FRJ13,Hérault,13
FRJ14,Lozère,:
FRJ15,Pyrénées-Orientales,5
FRJ21,Ariège,1
FRJ22,Aveyron,2
FRJ23,Haute-Garonne,10
FRJ24,Gers,3
FRJ25,Lot,0
FRJ26,Hautes-Pyrénées,2
FRJ27,Tarn,3
FRJ28,Tarn-et-Garonne,1
FRK11,Allier,2
FRK12,Cantal,2
FRK13,Haute-Loire,5
FRK14,Puy-de-Dôme,5
FRK21,Ain,4
FRK22,Ardèche,0
FRK23,Drôme,10
FRK24,Isère,6
FRK25,Loire,2
FRK26,Rhône,16
FRK27,Savoie,5
FRK28,Haute-Savoie,2
FRL01,Alpes-de-Haute-Provence,1
FRL02,Hautes-Alpes,2
FRL03,Alpes-Maritimes,16
FRL04,Bouches-du-Rhône,59
FRL05,Var,19
FRL06,Vaucluse,7
FRM01,Corse-du-Sud,4
FRM02,Haute-Corse,5
FRY10,Guadeloupe,15
FRY20,Martinique,14
FRY30,Guyane,22
FRY40,La Réunion,8
FRY50,Mayotte,4
HR021,Bjelovarsko-bilogorska županija,:
HR022,Virovitičko-podravska županija,:
HR023,Požeško-slavonska županija,:
HR024,Brodsko-posavska županija,:
HR025,Osječko-baranjska županija,:
HR026,Vukovarsko-srijemska županija,:
HR027,Karlovačka županija,:
HR028,Sisačko-moslavačka županija,:
HR031,Primorsko-goranska županija,2
HR032,Ličko-senjska županija,1
HR033,Zadarska županija,1
HR034,Šibensko-kninska županija,0
HR035,Splitsko-dalmatinska županija,2
HR036,Istarska županija,0
HR037,Dubrovačko-neretvanska županija,0
HR041,Grad Zagreb (NUTS 2016),5
HR042,Zagrebacka zupanija (NUTS 2016),1
HR043,Krapinsko-zagorska zupanija (NUTS 2016),1
HR044,Varazdinska zupanija (NUTS 2016),1
HR045,Koprivnicko-krizevacka zupanija (NUTS 2016),2
HR046,Medimurska zupanija (NUTS 2016),1
HR047,Bjelovarsko-bilogorska zupanija (NUTS 2016),1
HR048,Viroviticko-podravska zupanija (NUTS 2016),0
HR049,Pozesko-slavonska zupanija (NUTS 2016),1
HR04A,Brodsko-posavska zupanija (NUTS 2016),0
HR04B,Osjecko-baranjska zupanija (NUTS 2016),1
HR04C,Vukovarsko-srijemska zupanija (NUTS 2016),2
HR04D,Karlovacka zupanija (NUTS 2016),1
HR04E,Sisacko-moslavacka zupanija (NUTS 2016),1
HR050,Grad Zagreb,:
HR061,Međimurska županija,:
HR062,Varaždinska županija,:
HR063,Koprivničko-križevačka županija,:
HR064,Krapinsko-zagorska županija,:
HR065,Zagrebačka županija,:
ITC11,Torino,10
ITC12,Vercelli,2
ITC13,Biella,1
ITC14,Verbano-Cusio-Ossola,0
ITC15,Novara,0
ITC16,Cuneo,2
ITC17,Asti,1
ITC18,Alessandria,4
ITC20,Valle d’Aosta/Vallée d’Aoste,0
ITC31,Imperia,2
ITC32,Savona,1
ITC33,Genova,2
ITC34,La Spezia,2
ITC41,Varese,1
ITC42,Como,3
ITC43,Lecco,1
ITC44,Sondrio,0
ITC46,Bergamo,4
ITC47,Brescia,7
ITC48,Pavia,0
ITC49,Lodi,0
ITC4A,Cremona,3
ITC4B,Mantova,5
ITC4C,Milano,13
ITC4D,Monza e della Brianza,7
ITF11,L’Aquila,0
ITF12,Teramo,0
ITF13,Pescara,2
ITF14,Chieti,4
ITF21,Isernia,0
ITF22,Campobasso,0
ITF31,Caserta,7
ITF32,Benevento,3
ITF33,Napoli,21
ITF34,Avellino,3
ITF35,Salerno,9
ITF43,Taranto,2
ITF44,Brindisi,1
ITF45,Lecce,6
ITF46,Foggia,11
ITF47,Bari,7
ITF48,Barletta-Andria-Trani,5
ITF51,Potenza,4
ITF52,Matera,2
ITF61,Cosenza,6
ITF62,Crotone,4
ITF63,Catanzaro,4
ITF64,Vibo Valentia,10
ITF65,Reggio Calabria,10
ITG11,Trapani,2
ITG12,Palermo,4
ITG13,Messina,0
ITG14,Agrigento,6
ITG15,Caltanissetta,1
ITG16,Enna,2
ITG17,Catania,12
ITG18,Ragusa,2
ITG19,Siracusa,4
ITH10,Bolzano-Bozen,4
ITH20,Trento,2
ITH31,Verona,1
ITH32,Vicenza,4
ITH33,Belluno,0
ITH34,Treviso,3
ITH35,Venezia,3
ITH36,Padova,1
ITH37,Rovigo,0
ITH41,Pordenone,1
ITH42,Udine,3
ITH43,Gorizia,0
ITH44,Trieste,4
ITH51,Piacenza,1
ITH52,Parma,2
ITH53,Reggio nell’Emilia,0
ITH54,Modena,7
ITH55,Bologna,4
ITH56,Ferrara,0
ITH57,Ravenna,1
ITH58,Forlì-Cesena,2
ITH59,Rimini,1
ITI11,Massa-Carrara,0
ITI12,Lucca,0
ITI13,Pistoia,0
ITI14,Firenze,8
ITI15,Prato,0
ITI16,Livorno,1
ITI17,Pisa,1
ITI18,Arezzo,0
ITI19,Siena,2
ITI1A,Grosseto,1
ITI21,Perugia,4
ITI22,Terni,1
ITI31,Pesaro e Urbino,3
ITI32,Ancona,2
ITI33,Macerata,1
ITI34,Ascoli Piceno,0
ITI35,Fermo,3
ITI41,Viterbo,1
ITI42,Rieti,0
ITI43,Roma,18
ITI44,Latina,2
ITI45,Frosinone,3
ITZZZ,Extra-Regio NUTS 3,0
CY000,Kýpros,14
LV003,Kurzeme (NUTS 2021),13
LV005,Latgale,31
LV006,Rīga (NUTS 2021),42
LV007,Pieriga (NUTS 2021),18
LV008,Vidzeme (NUTS 2021),6
LV009,Zemgale,15
LVZZZ,Extra-Regio NUTS 3,:
LT011,Vilniaus apskritis,29
LT021,Alytaus apskritis,3
LT022,Kauno apskritis,17
LT023,Klaipėdos apskritis,8
LT024,Marijampolės apskritis,7
LT025,Panevėžio apskritis,10
LT026,Šiaulių apskritis,9
LT027,Tauragės apskritis,4
LT028,Telšių apskritis,6
LT029,Utenos apskritis,4
LU000,Luxembourg,3
HU110,Budapest,17
HU120,Pest,10
HU211,Fejér,2
HU212,Komárom-Esztergom,3
HU213,Veszprém,0
HU221,Győr-Moson-Sopron,5
HU222,Vas,2
HU223,Zala,2
HU231,Baranya,2
HU232,Somogy,4
HU233,Tolna,2
HU311,Borsod-Abaúj-Zemplén,11
HU312,Heves,1
HU313,Nógrád,2
HU321,Hajdú-Bihar,4
HU322,Jász-Nagykun-Szolnok,2
HU323,Szabolcs-Szatmár-Bereg,3
HU331,Bács-Kiskun,4
HU332,Békés,4
HU333,Csongrád-Csanád,3
MT001,Malta,5
MT002,Gozo and Comino/Għawdex u Kemmuna,1
NL111,Oost-Groningen (NUTS 2021),:
NL112,Delfzijl en omgeving,:
NL113,Overig Groningen (NUTS 2021),:
NL124,Noord-Friesland (NUTS 2021),:
NL125,Zuidwest-Friesland (NUTS 2021),:
NL126,Zuidoost-Friesland,:
NL131,Noord-Drenthe,:
NL132,Zuidoost-Drenthe,:
NL133,Zuidwest-Drenthe,:
NL211,Noord-Overijssel,:
NL212,Zuidwest-Overijssel,:
NL213,Twente,:
NL221,Veluwe,:
NL224,Zuidwest-Gelderland,:
NL225,Achterhoek,:
NL226,Arnhem/Nijmegen,:
NL230,Flevoland,:
NL310,Utrecht (NUTS 2021),:
NL321,Kop van Noord-Holland,:
NL323,IJmond,:
NL324,Agglomeratie Haarlem (NUTS 2021),:
NL325,Zaanstreek,:
NL327,Het Gooi en Vechtstreek,:
NL328,Alkmaar en omgeving,:
NL329,Groot-Amsterdam (NUTS 2021),:
NL332,Agglomeratie 's-Gravenhage (NUTS 2021),:
NL333,Delft en Westland (NUTS 2021),:
NL337,Agglomeratie Leiden en Bollenstreek (NUTS 2021),:
NL33A,Zuidoost-Zuid-Holland (NUTS 2021),:
NL33B,Oost-Zuid-Holland (NUTS 2021),:
NL33C,Groot-Rijnmond (NUTS 2021),:
NL341,Zeeuwsch-Vlaanderen,:
NL342,Overig Zeeland,:
NL411,West-Noord-Brabant,:
NL412,Midden-Noord-Brabant (NUTS 2021),:
NL413,Noordoost-Noord-Brabant (NUTS 2021),:
NL414,Zuidoost-Noord-Brabant,:
NL421,Noord-Limburg,:
NL422,Midden-Limburg,:
NL423,Zuid-Limburg,:
NLZZZ,Extra-Regio NUTS 3,:
AT111,Mittelburgenland,0
AT112,Nordburgenland,1
AT113,Südburgenland,0
AT121,Mostviertel-Eisenwurzen,0
AT122,Niederösterreich-Süd,4
AT123,Sankt Pölten,0
AT124,Waldviertel,0
AT125,Weinviertel,1
AT126,Wiener Umland/Nordteil,2
AT127,Wiener Umland/Südteil,3
AT130,Wien,34
AT211,Klagenfurt-Villach,2
AT212,Oberkärnten,0
AT213,Unterkärnten,0
AT221,Graz,3
AT222,Liezen,0
AT223,Östliche Obersteiermark,3
AT224,Oststeiermark,1
AT225,West- und Südsteiermark,1
AT226,Westliche Obersteiermark,0
AT311,Innviertel,2
AT312,Linz-Wels,1
AT313,Mühlviertel,1
AT314,Steyr-Kirchdorf,1
AT315,Traunviertel,1
AT321,Lungau,0
AT322,Pinzgau-Pongau,2
AT323,Salzburg und Umgebung,2
AT331,Außerfern,0
AT332,Innsbruck,1
AT333,Osttirol,0
AT334,Tiroler Oberland,2
AT335,Tiroler Unterland,2
AT341,Bludenz-Bregenzer Wald,1
AT342,Rheintal-Bodenseegebiet,2
ATZZZ,Extra-Regio NUTS 3,:
PL213,Miasto Kraków,:
PL214,Krakowski,:
PL217,Tarnowski,:
PL218,Nowosądecki,:
PL219,Nowotarski,:
PL21A,Oświęcimski,:
PL224,Częstochowski,:
PL225,Bielski,:
PL227,Rybnicki,:
PL228,Bytomski,:
PL229,Gliwicki,:
PL22A,Katowicki,:
PL22B,Sosnowiecki,:
PL22C,Tyski,:
PL411,Pilski,:
PL414,Koniński,:
PL415,Miasto Poznań,:
PL416,Kaliski,:
PL417,Leszczyński,:
PL418,Poznański,:
PL424,Miasto Szczecin,:
PL426,Koszaliński,:
PL427,Szczecinecko-pyrzycki,:
PL428,Szczeciński,:
PL431,Gorzowski,:
PL432,Zielonogórski,:
PL514,Miasto Wrocław,:
PL515,Jeleniogórski,:
PL516,Legnicko-głogowski,:
PL517,Wałbrzyski,:
PL518,Wrocławski,:
PL523,Nyski,:
PL524,Opolski,:
PL613,Bydgosko-toruński,:
PL616,Grudziądzki,:
PL617,Inowrocławski,:
PL618,Świecki,:
PL619,Włocławski,:
PL621,Elbląski,:
PL622,Olsztyński,:
PL623,Ełcki,:
PL633,Trójmiejski,:
PL634,Gdański,:
PL636,Słupski,:
PL637,Chojnicki,:
PL638,Starogardzki,:
PL711,Miasto Łódź,:
PL712,Łódzki,:
PL713,Piotrkowski,:
PL714,Sieradzki,:
PL715,Skierniewicki,:
PL721,Kielecki,:
PL722,Sandomiersko-jędrzejowski,:
PL811,Bialski,:
PL812,Chełmsko-zamojski,:
PL814,Lubelski,:
PL815,Puławski,:
PL821,Krośnieński,:
PL822,Przemyski,:
PL823,Rzeszowski,:
PL824,Tarnobrzeski,:
PL841,Białostocki,:
PL842,Łomżyński,:
PL843,Suwalski,:
PL911,Miasto Warszawa,:
PL912,Warszawski wschodni,:
PL913,Warszawski zachodni,:
PL921,Radomski,:
PL922,Ciechanowski,:
PL923,Płocki,:
PL924,Ostrołęcki,:
PL925,Siedlecki,:
PL926,Żyrardowski,:
PT111,Alto Minho,1
PT112,Cávado,2
PT119,Ave,3
PT11A,Área Metropolitana do Porto,8
PT11B,Alto Tâmega e Barroso,1
PT11C,Tâmega e Sousa,0
PT11D,Douro,2
PT11E,Terras de Trás-os-Montes,1
PT150,Algarve,6
PT16B,Oeste (NUTS 2021),5
PT16D,Região de Aveiro (NUTS 2021),3
PT16E,Região de Coimbra (NUTS 2021),2
PT16F,Região de Leiria (NUTS 2021),2
PT16G,Viseu Dão Lafões (NUTS 2021),1
PT16H,Beira Baixa (NUTS 2021),0
PT16I,Médio Tejo (NUTS 2021),0
PT16J,Beiras e Serra da Estrela (NUTS 2021),3
PT170,Área Metropolitana de Lisboa (NUTS 2021),29
PT181,Alentejo Litoral (NUTS 2021),3
PT184,Baixo Alentejo (NUTS 2021),0
PT185,Lezíria do Tejo (NUTS 2021),0
PT186,Alto Alentejo (NUTS 2021),0
PT187,Alentejo Central (NUTS 2021),1
PT200,Região Autónoma dos Açores,4
PT300,Região Autónoma da Madeira,3
PTZZZ,Extra-Regio NUTS 3,1
RO111,Bihor,4
RO112,Bistriţa-Năsăud,2
RO113,Cluj,5
RO114,Maramureş,5
RO115,Satu Mare,1
RO116,Sălaj,11
RO121,Alba,4
RO122,Braşov,4
RO123,Covasna,5
RO124,Harghita,5
RO125,Mureş,5
RO126,Sibiu,7
RO211,Bacău,11
RO212,Botoşani,7
RO213,Iaşi,23
RO214,Neamţ,6
RO215,Suceava,6
RO216,Vaslui,6
RO221,Brăila,8
RO222,Buzău,4
RO223,Constanţa,13
RO224,Galaţi,14
RO225,Tulcea,2
RO226,Vrancea,5
RO311,Argeş,4
RO312,Călăraşi,1
RO313,Dâmboviţa,0
RO314,Giurgiu,1
RO315,Ialomiţa,8
RO316,Prahova,2
RO317,Teleorman,2
RO321,Bucureşti,29
RO322,Ilfov,5
RO411,Dolj,10
RO412,Gorj,2
RO413,Mehedinţi,3
RO414,Olt,9
RO415,Vâlcea,12
RO421,Arad,7
RO422,Caraş-Severin,3
RO423,Hunedoara,1
RO424,Timiş,5
SI031,Pomurska,0
SI032,Podravska,2
SI033,Koroška,0
SI034,Savinjska,0
SI035,Zasavska,1
SI036,Posavska,0
SI037,Jugovzhodna Slovenija,1
SI038,Primorsko-notranjska,0
SI041,Osrednjeslovenska,3
SI042,Gorenjska,0
SI043,Goriška,1
SI044,Obalno-kraška,1
SIZZZ,Extra-Regio NUTS 3,:
SK010,Bratislavský kraj,18
SK021,Trnavský kraj,16
SK022,Trenčiansky kraj,5
SK023,Nitriansky kraj,5
SK031,Žilinský kraj,7
SK032,Banskobystrický kraj,6
SK041,Prešovský kraj,2
SK042,Košický kraj,8
FI193,Keski-Suomi (NUTS 2021),4
FI194,Etelä-Pohjanmaa (NUTS 2021),2
FI195,Pohjanmaa (NUTS 2021),2
FI196,Satakunta,4
FI197,Pirkanmaa (NUTS 2021),5
FI1B1,Helsinki-Uusimaa,28
FI1C1,Varsinais-Suomi,4
FI1C2,Kanta-Häme,8
FI1C3,Päijät-Häme (NUTS 2021),3
FI1C4,Kymenlaakso (NUTS 2021),4
FI1C5,Etelä-Karjala,3
FI1D1,Etelä-Savo (NUTS 2021),4
FI1D2,Pohjois-Savo (NUTS 2021),2
FI1D3,Pohjois-Karjala (NUTS 2021),3
FI1D5,Keski-Pohjanmaa,1
FI1D7,Lappi,11
FI1D8,Kainuu,1
FI1D9,Pohjois-Pohjanmaa,6
FI200,Åland,0
FIZZZ,Extra-Regio NUTS 3,0
SE110,Stockholms län,:
SE121,Uppsala län,:
SE122,Södermanlands län,:
SE123,Östergötlands län,:
SE124,Örebro län,:
SE125,Västmanlands län,:
SE211,Jönköpings län,:
SE212,Kronobergs län,:
SE213,Kalmar län,:
SE214,Gotlands län,:
SE221,Blekinge län,:
SE224,Skåne län,:
SE231,Hallands län,:
SE232,Västra Götalands län,:
SE311,Värmlands län,:
SE312,Dalarnas län,:
SE313,Gävleborgs län,:
SE321,Västernorrlands län,:
SE322,Jämtlands län,:
SE331,Västerbottens län,:
SE332,Norrbottens län,:
SEZZZ,Extra-Regio NUTS 3,:
IS001,Höfuðborgarsvæði,0
IS002,Landsbyggð,2
LI000,Liechtenstein,1
NO011,Oslo (statistical region 2016),7
NO012,Akershus (statistical region 2016),2
NO020,Innlandet,:
NO021,Hedmark (statistical region 2016),1
NO022,Oppland (statistical region 2016),1
NO031,Østfold (statistical region 2016),1
NO032,Buskerud (statistical region 2016),1
NO033,Vestfold (statistical region 2016),1
NO034,Telemark (statistical region 2016),1
NO041,Aust-Agder (statistical region 2016),0
NO042,Vest-Agder (statistical region 2016),0
NO043,Rogaland (statistical region 2016),3
NO051,Hordaland (statistical region 2016),2
NO052,Sogn og Fjordane (statistical region 2016),0
NO053,Møre og Romsdal (statistical region 2016),1
NO060,Trøndelag/Trööndelage,2
NO071,Nordland/Nordlánnda,1
NO072,Troms (statistical region 2016),0
NO073,Finnmark (statistical region 2016),1
NO074,Troms og Finnmark/Romsa ja Finnmárku/Tromssa ja Finmarkku,:
NO081,Oslo,:
NO082,Viken,:
NO091,Vestfold og Telemark,:
NO092,Agder,:
NO0A1,Rogaland,:
NO0A2,Vestland,:
NO0A3,Møre og Romsdal,:
NOZZZ,Extra-Regio level 3,:
CH011,Vaud,6
CH012,Valais / Wallis,5
CH013,Genève,3
CH021,Bern / Berne,7
CH022,Fribourg / Freiburg,2
CH023,Solothurn,1
CH024,Neuchâtel,0
CH025,Jura,1
CH031,Basel-Stadt,1
CH032,Basel-Landschaft,1
CH033,Aargau,6
CH040,Zürich,7
CH051,Glarus,0
CH052,Schaffhausen,0
CH053,Appenzell Ausserrhoden,0
CH054,Appenzell Innerrhoden,0
CH055,St. Gallen,3
CH056,Graubünden / Grigioni / Grischun,0
CH057,Thurgau,1
CH061,Luzern,2
CH062,Uri,0
CH063,Schwyz,1
CH064,Obwalden,0
CH065,Nidwalden,1
CH066,Zug,1
CH070,Ticino,1
ME000,Crna Gora,13
AL011,Dibër,5
AL012,Durrës,6
AL013,Kukës,3
AL014,Lezhë,3
AL015,Shkodër,9
AL021,Elbasan,2
AL022,Tiranë,10
AL031,Berat,1
AL032,Fier,4
AL033,Gjirokastër,1
AL034,Korçë,0
AL035,Vlorë,7
RS110,Beogradska oblast,35
RS121,Zapadnobacka oblast,3
RS122,Juznobanatska oblast,2
RS123,Juznobacka oblast,10
RS124,Severnobanatska oblast,0
RS125,Severnobacka oblast,2
RS126,Srednjobanatska oblast,2
RS127,Sremska oblast,5
RS211,Zlatiborska oblast,4
RS212,Kolubarska oblast,1
RS213,Macvanska oblast,5
RS214,Moravicka oblast,0
RS215,Pomoravska oblast,3
RS216,Rasinska oblast,8
RS217,Raska oblast,2
RS218,Sumadijska oblast,2
RS221,Borska oblast,4
RS222,Branicevska oblast,6
RS223,Zajecarska oblast,0
RS224,Jablanicka oblast,4
RS225,Nisavska oblast,1
RS226,Pirotska oblast,1
RS227,Podunavska oblast,2
RS228,Pcinjska oblast,2
RS229,Toplicka oblast,0
RSZZZ,Extra-Regio level 3,:
TR100,İstanbul,328
TR211,Tekirdağ,30
TR212,Edirne,11
TR213,Kırklareli,9
TR221,Balıkesir,47
TR222,Çanakkale,16
TR310,İzmir,86
TR321,Aydın,22
TR322,Denizli,26
TR323,Muğla,16
TR331,Manisa,38
TR332,Afyonkarahisar,19
TR333,Kütahya,9
TR334,Uşak,8
TR411,Bursa,55
TR412,Eskişehir,20
TR413,Bilecik,4
TR421,Kocaeli,32
TR422,Sakarya,30
TR423,Düzce,10
TR424,Bolu,5
TR425,Yalova,4
TR510,Ankara,100
TR521,Konya,50
TR522,Karaman,10
TR611,Antalya,52
TR612,Isparta,6
TR613,Burdur,2
TR621,Adana,66
TR622,Mersin,40
TR631,Hatay,48
TR632,Kahramanmaraş,33
TR633,Osmaniye,20
TR711,Kırıkkale,14
TR712,Aksaray,12
TR713,Niğde,9
TR714,Nevşehir,8
TR715,Kırşehir,4
TR721,Kayseri,27
TR722,Sivas,14
TR723,Yozgat,11
TR811,Zonguldak,7
TR812,Karabük,2
TR813,Bartın,4
TR821,Kastamonu,12
TR822,Çankırı,0
TR823,Sinop,7
TR831,Samsun,27
TR832,Tokat,14
TR833,Çorum,12
TR834,Amasya,10
TR901,Trabzon,15
TR902,Ordu,20
TR903,Giresun,8
TR904,Rize,12
TR905,Artvin,4
TR906,Gümüşhane,1
TRA11,Erzurum,10
TRA12,Erzincan,3
TRA13,Bayburt,3
TRA21,Ağrı,20
TRA22,Kars,19
TRA23,Iğdır,8
TRA24,Ardahan,4
TRB11,Malatya,15
TRB12,Elazığ,17
TRB13,Bingöl,8
TRB14,Tunceli,1
TRB21,Van,17
TRB22,Muş,7
TRB23,Bitlis,13
TRB24,Hakkari,34
TRC11,Gaziantep,81
TRC12,Adıyaman,9
TRC13,Kilis,8
TRC21,Şanlıurfa,56
TRC22,Diyarbakır,54
TRC31,Mardin,19
TRC32,Batman,20
TRC33,Şırnak,20
TRC34,Siirt,8
